youtube.com; 258
cyberleninka.ru; 123
vk.com; 105
meduza.io; 65
doi.org; 61
instagram.com; 55
clck.ru; 55
kommersant.ru; 51
vc.ru; 50
consultant.ru; 41
rbc.ru; 38
facebook.com; 37
kinopoisk.ru; 36
vedomosti.ru; 35
tass.ru; 33
theguardian.com; 30
nytimes.com; 27
seance.ru; 27
postnauka.ru; 26
ria.ru; 23
bbc.com; 22
the-village.ru; 22
forbes.ru; 21
twitter.com; 21
rg.ru; 20
mediascope.net; 19
podcasts.apple.com; 19
mediascope.ru; 17
novayagazeta.ru; 16
proficinema.ru; 16
variety.com; 16
gazeta.ru; 15
colta.ru; 15
forbes.com; 15
daily.afisha.ru; 15
the-flow.ru; 15
tvrain.ru; 15
moluch.ru; 15
researchgate.net; 15
yandex.ru; 14
hse.ru; 14
t.me; 14
levada.ru; 13
medium.com; 13
kp.ru; 13
archive.org; 13
wciom.ru; 13
br-analytics.ru; 12
lenta.ru; 12
bit.ly; 12
adindex.ru; 11
fom.ru; 11
statista.com; 11
shutterstock.com; 10
theverge.com; 10
interfax.ru; 10
wonderzine.com; 10
cnbc.com; 10
texterra.ru; 9
rb.ru; 9
businessinsider.com; 9
youtu.be; 9
sostav.ru; 8
thinkwithgoogle.com; 8
pwc.ru; 8
cossa.ru; 8
tjournal.ru; 8
un.org; 8
henryjenkins.org; 8
screenlifer.com; 8
i-m-i.ru; 7
com; 7
1tv.ru; 7
web-canape.ru; 7
evartist.narod.ru; 7
ipsos.com; 7
washingtonpost.com; 7
gks.ru; 7
vice.com; 7
imdb.com; 7
artdocfest.com; 7
primgazeta.ru; 7
ebookcentral.proquest.com; 7
vestnik.journ.msu.ru; 7
ru.wikipedia.org; 6
hollywoodreporter.com; 6
russia.tv; 6
doxajournal.ru; 6
chronicles.igmsu.org; 6
ru.hellomagazine.com; 6
reutersinstitute.politics.ox.ac.uk; 6
dictionary.cambridge.org; 6
tineodna.ru; 6
takiedela.ru; 6
kremlin.ru; 6
telegraph.co.uk; 6
starwars.com; 6
kosmo-museum.ru; 6
kinobusiness.com; 6
pacificmeridianfest.ru; 6
message2man.com; 6
moscowfilmfestival.ru; 6
habr.com; 6
jrnlst.ru; 6
greenpeace.ru; 6
rt.com; 6
drive.google.com; 5
rapsinews.ru; 5
echo.msk.ru; 5
mk.ru; 5
wired.com; 5
dtf.ru; 5
vimeo.com; 5
gamasutra.com; 5
iz.ru; 5
svoboda.org; 5
zona.media; 5
vokrug.tv; 5
elibrary.ru; 5
nngroup.com; 5
indiewire.com; 5
latimes.com; 5
kinoart.ru; 5
incrussia.ru; 5
appannie.com; 5
pollen-press.ru; 5
ovdinfo.org; 5
politico.com; 5
batenka.ru; 5
webindex.mediascope.net; 4
kino-teatr.ru; 4
publications.hse.ru; 4
popsters.ru; 4
independent.co.uk; 4
edition.cnn.com; 4
ign.com; 4
departament.com; 4
izi.travel; 4
bloomberg.com; 4
digiday.com; 4
theatlantic.com; 4
journ.msu.ru; 4
tandfonline.com; 4
netology.ru; 4
goo-gl.ru; 4
group-ib.ru; 4
lib.ru; 4
britannica.com; 4
gumer.info; 4
regnum.ru; 4
ecsocman.hse.ru; 4
rollingstone.com; 4
newyorker.com; 4
time.com; 4
vox.com; 4
film.ru; 4
starwars.fandom.com; 4
en.oxforddictionaries.com; 4
content.time.com; 4
mkrf.ru; 4
kinometro.ru; 4
tvkultura.ru; 4
old.kinoart.ru; 4
business-gazeta.ru; 4
dic.academic.ru; 4
www2.deloitte.com; 4
rbth.com; 4
snob.ru; 4
dw.com; 4
thevyshka.ru; 4
tvkinoradio.ru; 4
digitalreporter.ru; 4
oxfordreference.com; 4
nme.com; 3
support.google.com; 3
pikabu.ru; 3
wearesocial.com; 3
bigenc.ru; 3
zen.yandex.ru; 3
magazines.gorky.media; 3
aif.ru; 3
rusability.ru; 3
buro247.ru; 3
docs.google.com; 3
metacritic.com; 3
polygon.com; 3
pewresearch.org; 3
gdcvault.com; 3
autostat.ru; 3
adage.com; 3
blog.mann-ivanov-ferber.ru; 3
medialeaks.ru; 3
tatler.ru; 3
github.com; 3
uplab.ru; 3
niemanlab.org; 3
wsj.com; 3
republic.ru; 3
newzoo.com; 3
theartnewspaper.ru; 3
moscowartmagazine.com; 3
ifpi.org; 3
eksmo.ru; 3
dazeddigital.com; 3
cosmo.ru; 3
mashable.com; 3
fastcompany.com; 3
entrepreneur.com; 3
nasiliu.net; 3
sisters-help.ru; 3
ridus.ru; 3
owl.ru; 3
360tv.ru; 3
5-tv.ru; 3
esquire.ru; 3
hbr.org; 3
gamestudies.org; 3
bfi.org.uk; 3
academia.edu; 3
nafi.ru; 3
seattletimes.com; 3
m24.ru; 3
paperpaper.ru; 3
mos.ru; 3
memepedia.ru; 3
3dnews.ru; 3
uznaychtotakoe.ru; 3
mel.fm; 3
tech.yandex.ru; 3
agilemanifesto.org; 3
edisonresearch.com; 3
gufo.me; 3
style.rbc.ru; 3
huffpost.com; 3
arzamas.academy; 3
gq.com; 3
psyjournals.ru; 3
ng.ru; 3
genius.com; 3
iq.hse.ru; 3
samesound.ru; 3
otr-online.ru; 3
visualstorytelling.ru; 2
theatrummundi.org; 2
massmoca.org; 2
jarjad.ru; 2
telesputnik.ru; 2
cnews.ru; 2
metronews.ru; 2
vgtimes.ru; 2
spbdnevnik.ru; 2
vz.ru; 2
igromania.ru; 2
cinemablend.com; 2
clubforinternet.net; 2
finam.ru; 2
sberbank.ru; 2
slideshare.net; 2
os.colta.ru; 2
dangerouslilly.com; 2
about.google; 2
business-class.pro; 2
raex-rr.com; 2
ocw.mit.edu; 2
community-canvas.org; 2
developer.android.com; 2
inc.com; 2
base.garant.ru; 2
radiomayak.ru; 2
vogue.ru; 2
heidicohen.com; 2
masterclass.com; 2
seoded.ru; 2
pcgamer.com; 2
habrahabr.ru; 2
kotaku.com; 2
contentmarketinginstitute.com; 2
gdcuffs.com; 2
lamborghini.com; 2
studbooks.net; 2
marketing.spb.ru; 2
eventory.cc; 2
slashgear.com; 2
iom.anketolog.ru; 2
outofcloud.ru; 2
digitalnewsreport.org; 2
zdnet.com; 2
accenture.com; 2
iab.com; 2
nielsen.com; 2
congress.gov; 2
theesa.com; 2
igi-global.com; 2
special.theoryandpractice.ru; 2
alexa.com; 2
soompi.com; 2
kpopstarz.com; 2
ivi.ru; 2
litres.ru; 2
music.yandex.ru; 2
secretmag.ru; 2
https:; 2
iphones.ru; 2
finance.rambler.ru; 2
unesdoc.unesco.org; 2
news.bbc.co.uk; 2
search.proquest.com; 2
life.ru; 2
hypebeast.com; 2
ntv.ru; 2
nauchforum.ru; 2
datareportal.com; 2
sdelano.media; 2
musicfindsmedia.wordpress.com; 2
pr-cy.ru; 2
krizis-centr.ru; 2
who.int; 2
dp.ru; 2
ama.org; 2
kanobu.ru; 2
observer.com; 2
history.com; 2
npr.org; 2
help.netflix.com; 2
collider.com; 2
the-numbers.com; 2
rottentomatoes.com; 2
unesco.org; 2
crowdriff.com; 2
interfax-russia.ru; 2
awn.com; 2
garant.ru; 2
snimifilm.com; 2
dl.acm.org; 2
newsru.com; 2
complex.com; 2
thedailybeast.com; 2
ew.com; 2
slate.com; 2
jacobinmag.com; 2
reddit.com; 2
economictimes.indiatimes.com; 2
radiotimes.com; 2
billboard.com; 2
sobaka.ru; 2
kinoreporter.ru; 2
thr.ru; 2
fiapf.org; 2
schloesser.bayern.de; 2
nymag.com; 2
docplayer.ru; 2
wipolex.wipo.int; 2
mosmuseum.ru; 2
naive-museum.ru; 2
hbr-russia.ru; 2
hh.ru; 2
rating.hh.ru; 2
lurkmore.to; 2
dailymail.co.uk; 2
vogue.com; 2
help.instagram.com; 2
mlg.ru; 2
corp.ivi.ru; 2
theoryandpractice.ru; 2
screenrant.com; 2
patreon.com; 2
athensjournals.gr; 2
pbs.org; 2
internetinstitute.ru; 2
powerbranding.ru; 2
rsbor-msk.ru; 2
unsplash.com; 2
digra.org; 2
annualreviews.org; 2
sberbank.com; 2
knife.media; 2
zircon.ru; 2
serialpodcast.org; 2
cinemafirst.ru; 2
krugosvet.ru; 2
be1.ru; 2
marketingweek.com; 2
gazetargub.ru; 2
comicconrussia.ru; 2
developer.apple.com; 2
globalwebindex.com; 2
lucidchart.com; 2
podtail.com; 2
planeta.ru; 2
sreda.photo; 2
fotodepartament.ru; 2
lumiere.ru; 2
textologia.ru; 2
cheloveknauka.com; 2
boxofficemojo.com; 2
fapmc.ru; 2
trends.google.ru; 2
journals.sagepub.com; 2
newlaboratoria.ru; 2
bazelevs.ru; 2
currenttime.tv; 2
duma.gov.ru; 2
comingoutspb.com; 2
ru.boell.org; 2
illuminator.info; 2
lgbthealthlink.org; 2
mykidisgay.com; 2
lgbtqrightsinrussia.wordpress.com; 2
queertips.org; 2
books.google.ru; 2
elearning.hse.ru; 2
hr-elearning.ru; 2
coursera.org; 2
teamuz.ru; 2
opinionator.blogs.nytimes.com; 2
logosjournal.ru; 2
livescience.com; 2
webmd.com; 2
lookatme.ru; 2
philol.msu.ru; 2
e-libra.ru; 2
huffingtonpost.com; 2
urbandictionary.com; 2
bookap.info; 2
newsman.tsu.ru; 2
search.rsl.ru; 2
psyarxiv.com; 2
science.sciencemag.org; 2
technologyreview.com; 2
timesofisrael.com; 2
labirint.ru; 2
tmt-consulting.ru; 2
zenodo.org; 2
entertainment.time.com; 2
24tv.ua; 2
interfax.com.ua; 2
gov.uk; 2
obamawhitehouse.archives.gov; 2
rosbalt.ru; 2
bbc.co.uk; 2
sputniknews.com; 2
reuters.com; 2
journal.tinkoff.ru; 2
propublica.org; 2
doxa.onu.edu.ua; 2
lithub.com; 2
strandmag.com; 2
money.cnn.com; 2
bakunin.com; 2
transchordian.com; 2
consequenceofsound.net; 2
gorillaz.com; 2
rtvi.com; 2
pravonadom.ru; 2
msses.ru; 2
mskagency.ru; 2
riamo.ru; 2
studyinrussia.ru; 2
emerald.com; 2
vashdosug.ru; 1
stengazeta.net; 1
alexdacorte.com.–; 1
akhmatova.spb.ru; 1
futurerussia.gov.ru; 1
culture.ru; 1
rimini-protokoll.de; 1
audio-brand.com; 1
intelsib.com; 1
acgi.ru; 1
collinsdictionary.com; 1
marketingcharts.com; 1
constructionbusinessowner.com; 1
music.britishcouncil.org; 1
frontiersin.org; 1
thesoundagency.com; 1
perfectfit.ru; 1
sintezia.com; 1
pravo.ru; 1
rns.online; 1
m.vk.com; 1
mic.org.ru; 1
eais.rkn.gov.ru; 1
check-host.net; 1
vsrf.ru; 1
97-fz.rkn.gov.ru; 1
media-pravo.info; 1
br-analyt-ics.ru; 1
sudact.ru; 1
oreilly.com; 1
propr.ca; 1
www1.rfi.fr; 1
cinematheque.ru; 1
pravoslavie.ru; 1
stalkerfangroup.ru; 1
gsc-game.ru; 1
stalker.fandom.com; 1
smns-games.com; 1
gameawards.ru; 1
army.lv; 1
pink-floyd.ru; 1
rb.mchs.gov.ru; 1
wf.mail.ru; 1
boardgamer.ru; 1
playground.ru; 1
stopgame.ru; 1
rep.ru; 1
pripyat.com; 1
pripyat-city.ru; 1
back-in-ussr.com; 1
isotopium.com; 1
lexico.com; 1
metro2033.ru; 1
steamcommunity.com; 1
stalker2.com; 1
mobygames.com; 1
survarium.com; 1
stalkermod.ru; 1
swissinfo.ch; 1
internetbeyond.net; 1
dolgoprudny.com; 1
urban.hse.ru; 1
gorodarus.ru; 1
ucl.ac.uk; 1
firrma.ru; 1
koloro.ru; 1
romir.ru; 1
realnoevremya.ru; 1
itweek.ru; 1
thefinancialbrand.com; 1
es.kearney.com; 1
markswebb.ru; 1
fisglobal.com; 1
investor.qiwi.com; 1
prostitutka-ket.livejournal.com; 1
ranir.ru; 1
vivovoco.astronet.ru; 1
nikonova.online; 1
girlwithaonetrackmind.blogspot.com; 1
partymaniacs.ru; 1
eclass.teicrete.gr; 1
cmxhub.com; 1
communityhub.ru; 1
store.google.com; 1
phone.yandex.ru; 1
blog.google; 1
ipe-lab.com; 1
theconversation.com; 1
foldoc.org; 1
killedbygoogle.com; 1
cutt.ly; 1
xiaomi-mi.com; 1
plus.yandex.ru; 1
cnet.com; 1
usertesting.com; 1
s22.q4cdn.com; 1
mkdev.me; 1
radar.yandex.ru; 1
digger.ru; 1
newsroom.spotify.com; 1
chinadaily.com.cn; 1
xn--80afd4affbbat.xn--p1ai; 1
firstmonday.org; 1
arts.uwa.edu.au; 1
cosmopolitan.com; 1
capitalfm.com; 1
thesun.co.uk; 1
newswhip.com; 1
archive.nytimes.com; 1
marieclaire.com; 1
radiovesti.ru; 1
avtoradio.ru; 1
zaochnik.com; 1
shop.ziqandyoni.com; 1
wosbrand.co; 1
etxt.ru; 1
mcnholding.com; 1
ogilvy.com; 1
fwrdagency.com; 1
goo.; 1
pracademy.co.uk; 1
storynet.org; 1
vogue.com.au; 1
te-st.ru; 1
intellaw.org.ua; 1
art-news.com.ua; 1
onlinelibrary.wiley.com; 1
sciencepop.ru; 1
demos-center.ru; 1
ssrn.com; 1
marxists.org; 1
lrb.co.uk; 1
rsf.org; 1
igmsu.org; 1
votesmart.appspot.com; 1
theses.igmsu.org; 1
change.org; 1
msu.ru; 1
splc.org; 1
rpgwatch.com; 1
wikipedia.org; 1
gamesparks.com; 1
e3expo.com; 1
ru.ign.com; 1
telltale.com; 1
historyofinformation.com; 1
ichip.ru; 1
xsens.com; 1
engadget.com; 1
gamesradar.com; 1
blog.us.playstation.com; 1
virtuafighter.fandom.com; 1
eurogamer.net; 1
80.lv; 1
sporttechie.com; 1
evolkov.net; 1
mith.ru; 1
irfanerdogan.com; 1
blog.rescuetime.com; 1
ourworldindata.org; 1
hbo.com; 1
ejinsight.com; 1
playstationlifestyle.net; 1
clicknothing.typepad.com; 1
wccftech.com; 1
cdprojekt.com; 1
venturebeat.com; 1
faq.brandonsanderson.com; 1
readlivemagazine.ru; 1
ru.silasveta.com; 1
helloendless.com; 1
owox.ru; 1
ba.hse.ru; 1
akarussia.ru; 1
ru.motor1.com; 1
eventnn.ru; 1
bsplan.ru; 1
tenderp.com; 1
news.drom.ru; 1
abreview.ru; 1
autonews.ru; 1
event.ru; 1
in-scale.ru; 1
imars.ru; 1
expocentr.ru; 1
ippnou.ru; 1
studme.org; 1
comic-con.org; 1
dali2020.ru; 1
psychologistworld.com; 1
adhard.ru; 1
eventmarketer.com; 1
aventri.com; 1
membrana.ru; 1
linkedin.com; 1
stihi.ru; 1
marieclaire.ru; 1
ok-magazine.ru; 1
fundamental-research.ru; 1
aboutdata.ru; 1
leadzavod.com; 1
ruward.ru; 1
getresponse.com; 1
demos.co.uk; 1
aboutus.ft.com; 1
emarketer.com; 1
recode.net; 1
mckinsey.com; 1
investors.nytco.com; 1
talkingpointsmemo.com; 1
cbinsights.com; 1
innovation.media; 1
mediapost.com; 1
themedia.center; 1
refnews.ru; 1
emag.iis.ru; 1
cultlook.org; 1
pastenow.ru; 1
ibm.com; 1
cmd-journal.hse.ru; 1
oag.ca.gov; 1
legislation.gov.uk; 1
data-flair.training; 1
deloitte.co.uk; 1
aibusiness.com; 1
gartner.com; 1
zunia.org; 1
cnil.fr; 1
medialandscapes.org; 1
nem-initiative.org; 1
gdpr-info.eu; 1
pangaeaalliance.com; 1
pwc.com; 1
roymorgan.com; 1
analyticsindiamag.com; 1
business-reporter.co.uk; 1
gesetze-im-internet.de; 1
blog.gfk.com; 1
app.leg.wa.gov; 1
blizzard.com; 1
xbox.com; 1
androidcentral.com; 1
carriemelissa.com; 1
feverbee.com; 1
web-strategist.com; 1
thegamepost.com; 1
getopensocial.com; 1
gamerant.com; 1
webcitation.org; 1
aptxt.com; 1
becoming-researcher.com; 1
gefter.ru; 1
azbuka.gif.ru; 1
aroundart.org; 1
kunstkamera.ru; 1
xz.gif.ru; 1
museum.ru; 1
articles.themuseumreview.org; 1
kpopsecrets.tumblr.com; 1
koreatimes.co.kr; 1
themusicnetwork.com; 1
synthesio.com; 1
rizaweganofa.blogspot.ru; 1
newsweek.com; 1
swedishnomad.com; 1
grammy.com; 1
koreaherald.com; 1
dgl.ru; 1
esetnod32.ru; 1
mirror.ororo.tv; 1
global-finances.ru; 1
kad.arbitr.ru; 1
kartaslov.ru; 1
trashbox.ru; 1
mos-gorsud.ru; 1
lifehacker.ru; 1
tuapsevesti.ru; 1
storytel.com; 1
roem.ru; 1
rapo.ru; 1
tvzavr.ru; 1
ru.bookmate.com; 1
rocit.ru; 1
reestr.rublacklist.net; 1
filmpro.ru; 1
rutracker.wiki; 1
telecomdom.ru; 1
amediateka.ru; 1
marketrealist.com; 1
nofilmschool.com; 1
research.netflix.com; 1
copyright.gov; 1
premier.one; 1
theoutline.com; 1
govbooktalk.gpo.gov; 1
belcanto.ru; 1
articult.rsuh.ru; 1
comicartville.com; 1
imageandnarrative.be; 1
metapedia.com; 1
znak.com; 1
thetimes.co.uk; 1
gq.ru; 1
vsrap.ru; 1
kompravda.eu; 1
fedpress.ru; 1
actualcomment.ru; 1
news.ru; 1
ura.news; 1
highsnobiety.com; 1
teleprogramma.pro; 1
radiosputnik.ria.ru; 1
cyberpsy.ru; 1
esj.pnzgu.ru.; 1
websitehostingrating.com; 1
planetslife.ru; 1
quickstats.censusdata.abs.gov.au; 1
journalism.co.uk; 1
opentextbc.ca; 1
webershandwick.com; 1
convene.com; 1
dailycaller.com; 1
thehustle.co; 1
hired.com; 1
business2community.com; 1
m.habr.com; 1
skvot.2035.university; 1
apps.apple.com; 1
stop-abuse.ru; 1
library.gender-ehu.org; 1
socionauki.ru; 1
ruskline.ru; 1
anna-center.ru; 1
slovodel.com; 1
project911.ru; 1
youtubekids.com; 1
anthropology-news.org; 1
culanth.org; 1
thedrum.com; 1
popsop.com; 1
rzd-partner.ru; 1
moskvichmag.ru; 1
abireg.ru; 1
daccle.com; 1
brandingmag.com; 1
academy.kaspersky.ru; 1
drgroup.ru; 1
tadviser.ru; 1
yukaichou.com; 1
deadline.com; 1
film.avclub.com; 1
press.aboutamazon.com; 1
mazsystems.com; 1
architecturaldigest.com; 1
aboveavalon.com; 1
sxsw.com; 1
whatsnewinpublishing.com; 1
slashfilm.com; 1
redrumers.com; 1
thewrap.com; 1
bechdeltest.com; 1
comingsoon.net; 1
forcecast.net; 1
blog.collectivejourney.com; 1
eleventhirtyeight.com; 1
success.com; 1
marvel.com; 1
iep.utm.edu; 1
rogerebert.com; 1
lucasfilm.com; 1
esquire.com; 1
empireonline.com; 1
billmoyers.com; 1
stephenpkelly.co.uk; 1
comicsalliance.com; 1
bookriot.com; 1
sciencemuseumgroup.org.uk; 1
oneboxtds.com; 1
digitalstoryteller.co; 1
smbp.uwaterloo.ca; 1
museumnext.com; 1
royalsocietypublishing.org; 1
canalys.com; 1
awards.bafta.org; 1
bogost.com; 1
jenovachen.info; 1
jenovachen.com; 1
kickstarter.com; 1
thelocal.se; 1
halshs.archives—ouvertes.fr; 1
jesperjuul.net; 1
avilar.blogspot.com; 1
gamespot.com; 1
unity3d.com; 1
kosmo—museum.ru; 1
hi—news.ru; 1
dictionary.com; 1
mult.tlum.ru; 1
movieresearch.ru; 1
kino.rambler.ru; 1
disney.ru; 1
sub.clearspending.ru; 1
thewaltdisneycompany.com; 1
roscosmos.ru; 1
buran.tass.ru; 1
spacemen.tass.ru; 1
mks.tass.ru; 1
academic.regis.edu; 1
ne-mo.org; 1
themuseumofthefuture.com; 1
grants.culture.ru; 1
rukamifest.com; 1
fond-kino.ru; 1
research.nevafilm.ru; 1
quote.rbc.ru; 1
gtrkchita.ru; 1
new.tatarkino.ru; 1
idelreal.org; 1
bfm.ru; 1
sakhamovie.ru; 1
sakhalife.ru; 1
mincult.tatarstan.ru; 1
dv.kp.ru; 1
vrn.kp.ru; 1
ugra.kp.ru; 1
businessinsider.com.au; 1
revistas.ulima.edu.pe; 1
flatpanelshd.com; 1
studiobinder.com; 1
glamour.ru; 1
wordsonline.ru; 1
xn--80aaefw2ahcfbneslds6a8jyb.xn--p1ai; 1
digitalliteraci.es; 1
itu.foleon.com; 1
digital.gov.ru; 1
government.ru; 1
xn----7sbikand4bbyfwe.xn--p1ai; 1
criticalhit.net; 1
kinonews.ru; 1
buchanan.org; 1
bits.blogs.nytimes.com; 1
thesmokinggun.com; 1
thehill.com; 1
butyoudontlooksick.com; 1
cdrnys.org; 1
opendemocracy.net; 1
city-journal.org; 1
tiki-toki.com; 1
truthdig.com; 1
aintitcool.com; 1
leftvoice.org; 1
incels.co; 1
deserthopetreatment.com; 1
breitbart.com; 1
avoiceformen.com; 1
marginalrevolution.com; 1
dailywire.com; 1
aier.org; 1
banned.video; 1
infowars.com; 1
sueddeutsche.de; 1
tsargrad.tv; 1
mtv.com; 1
bolshoi.ru; 1
spin.com; 1
oistrakh.ru; 1
schmutzberlin.com; 1
ft.com; 1
abc.net.au; 1
emg.fm; 1
thequietus.com; 1
bandzoogle.com; 1
resilientmusic.com; 1
thebalancecareers.com; 1
martinroll.com; 1
eurovisionworld.com; 1
metro.co.uk; 1
moonrok.com; 1
mir24.tv; 1
rma.ru; 1
zvuki.ru; 1
vma-pesnyary.com; 1
openmusic.ru; 1
expert.ru; 1
vgik.info; 1
vologda.kp.ru; 1
rimamedia.ru; 1
museikino.ru; 1
portal-kultura.ru; 1
festhome.com; 1
festivalfilm.ru; 1
dmonsters.ru; 1
tlgg.ru; 1
iffr.com; 1
poff.ee; 1
hennesy.cc; 1
sltrib.com; 1
zeit.de; 1
artsfuse.org; 1
festivalfilm1939.com; 1
locarnofestival.ch; 1
travel.trade.gov; 1
sproutsocial.com; 1
disneytravelagents.com; 1
instastatistics.com; 1
thepreviewapp.com; 1
orel.kp.ru; 1
rockcult.ru; 1
rao.ru; 1
tophit.ru; 1
pureportal.spbu.ru; 1
tabloid.net.ru; 1
ozhegov.ru; 1
studio21.ru; 1
svpressa.ru; 1
europeancourt.ru; 1
constitutionrf.ru; 1
minjust.ru; 1
thoughtco.com; 1
oed.com; 1
news.gallup.com; 1
aam-us.org; 1
arttrak.com; 1
benchmarkemail.com; 1
colleendilen.com; 1
grayling.com; 1
rom.on.ca; 1
unisender.com; 1
cim.co.uk; 1
rating.fut.ru; 1
xn--80aagahqwyibe8an.com; 1
interaffairs.ru; 1
intelros.ru; 1
journal.mrsu.ru; 1
noobtype.ru; 1
wikireality.ru; 1
wattpad.com; 1
bebusel.ru; 1
boards.4chan.org; 1
pixability.com; 1
instyle.com; 1
elle.com; 1
morningstar.com; 1
antipiracy.changecopyright.ru; 1
eur-lex.europa.eu; 1
legislation.govt.nz; 1
chto-takoe.net; 1
connectsafely.org; 1
bullyingstatistics.org; 1
blogs.microsoft.com; 1
the-ebook.org; 1
tpprf.ru; 1
thg.ru; 1
ets.ru; 1
ijoc.org; 1
portalus.ru; 1
dailystorm.ru; 1
nsk.sibnovosti.ru; 1
cia.gov; 1
chrome.google.com; 1
fanserials.network; 1
hillsong.com; 1
youversion.com; 1
reifman.ru; 1
old.kpfu.ru; 1
makeuseof.com; 1
vulture.com; 1
en.ejo.ch; 1
radiostation.ru; 1
chicagotribune.com; 1
cartoonbrew.com; 1
looper.com; 1
docme.ru; 1
socialstudiesmegastore.com; 1
effectivelanguagelearning.com; 1
manovich.net; 1
link.springer.com; 1
piligrim.fund; 1
kodak.com; 1
design.hse.ru; 1
weforum.org; 1
runova08.ru; 1
gazetagreencity.ru; 1
art-mumu.ru; 1
ankor-center.ru; 1
workingmama.ru; 1
archi.ru; 1
contemporary-artists.ru; 1
ioe.hse.ru; 1
zilcc.ru; 1
mn.ru; 1
ecoartkonkurs.ru; 1
legacy-ef.com; 1
lspconference.ru; 1
art-education.ru; 1
skorohody.com; 1
mamuski.ru; 1
yamal-obr.ru; 1
newtonew.com; 1
art.sredaobuchenia.ru; 1
geniusmarketing.me; 1
discourseanalysis.org; 1
artuzel.com; 1
stoneforest.ru; 1
thewallproject.ru; 1
research-journal.org; 1
mabee.ru; 1
kitapp.pro; 1
mnr.gov.ru; 1
sobirator.ru; 1
hardclient.com; 1
punicapp.com; 1
russian.rt.com; 1
gamedev.net; 1
ipcc.ch; 1
believe.earth; 1
wri.org; 1
info.localytics.com; 1
reviewed.com; 1
ieeexplore.ieee.org; 1
realty.rbc.ru; 1
av.ru; 1
climatewatchdata.org; 1
fasie.ru; 1
meteorf.ru; 1
mcdonalds.ru; 1
belretail.by; 1
socialidea.ru; 1
transit.dot.gov; 1
library.wmo.int; 1
wwf.ru; 1
xn--80afcdbalict6afooklqi5o.xn--p1ai; 1
economy.gov.ru; 1
crisiscenter.ru; 1
toxic-parents.com; 1
yasno.live; 1
play.google.com; 1
rtd.rt.com; 1
printservice.pro; 1
carabaas.livejournal.com; 1
odesafilmstudio.com.ua; 1
chaskor.ru; 1
ascmag.com; 1
cinemania-by.livejournal.com; 1
filmsoundsweden.se; 1
nkj.ru; 1
mosfilm.ru; 1
widescreenmuseum.com; 1
cinemapages.livejournal.com; 1
proza.ru; 1
istoriya-kino.ru; 1
analiculturolog.ru; 1
akter.kulichki.net; 1
scepsis.net; 1
remptongames.com; 1
digitpress.com; 1
xenon.stanford.edu; 1
techradar.com; 1
minsport.gov.ru; 1
artel.media; 1
zdolnaja.by; 1
thisgirlcan.co.uk; 1
wamsport.com; 1
girl-power.club; 1
operations.nfl.com; 1
bigpicture.ru; 1
firstandgoal.ru; 1
news.sportbox.ru; 1
free-topic.ru; 1
teenvogue.com; 1
washingtonexaminer.com; 1
sfia.org; 1
sportsshow.net; 1
onlinemasters.ohio.edu; 1
nfl.com; 1
godliteratury.ru; 1
kokoc.com; 1
projectimo.ru; 1
12manage.com; 1
b2binternational.com; 1
podcasters.spotify.com; 1
artifex.ru; 1
magcloud.com; 1
valiafetisov.com; 1
prolificquarterly.us; 1
obscuraemagazine.com; 1
forms.gle; 1
mirf.ru; 1
ridero.ru; 1
selfpub.ru; 1
kdp.amazon.com; 1
cdr.lib.unc.edu; 1
material.io; 1
en.facebookbrand.com; 1
en.instagram-brand.com; 1
figma.com; 1
about.twitter.com; 1
rgsu.net; 1
lib.herzen.spb.ru; 1
tiktok.com; 1
grazkodeks.ru.; 1
perezagruzka.tnt-online.ru; 1
tefitv.ru; 1
podium.friday.ru; 1
flacon-magazine.com; 1
sncmedia.ru; 1
bravotv.com; 1
bl.uk; 1
condenast.ru; 1
tvformats.com; 1
harpersbazaar.com; 1
frapa.org; 1
cdn.businessoffashion.com; 1
thredup.com; 1
full.sptl.spb.ru; 1
tiburon-research.ru; 1
probusiness.io; 1
daily10.ru; 1
rucont.ru; 1
digitalreporter.; 1
artgang.ru; 1
culture.niv.ru; 1
mamardashvili.com; 1
iph.ras.ru; 1
rus-yaz.niv.ru; 1
ushakovdictionary.ru; 1
theblot.com; 1
lendedu.com; 1
nyti.ms; 1
ibc.org; 1
darkermagazine.ru; 1
sakharov-center.ru; 1
dark-area.ru; 1
kinogonch.ru; 1
news.samsung.com; 1
zeh.media; 1
newsarama.com; 1
scriptmag.com; 1
lafilmawards.net; 1
theshortfilmfestival.com; 1
gigaom.com; 1
zimbio.com; 1
betanews.com; 1
applied-research.ru; 1
markerly.com; 1
s3.amazonaws.com; 1
gfk.com; 1
mediator.media; 1
polygant.net; 1
izron.ru; 1
interaction-design.org; 1
sports.ru; 1
ipitch.tv; 1
screenwriting.info; 1
s3-uswest-2.amazonaws.com; 1
thescriptlab.com; 1
writersstore.com; 1
xn--b1aew.xn--p1ai; 1
providersedge.com; 1
journal.transformativeworks.org; 1
producersguild.org; 1
webfestival.ru; 1
moseparh.ru; 1
birdinflight.com; 1
berlogos.ru; 1
contrastly.com; 1
expertphotography.com; 1
australianphotography.com; 1
format.com; 1
sobory.ru; 1
archdaily.com; 1
urban3p.ru; 1
trojza.blogspot.ru; 1
magart.ru; 1
globaltimes.cn; 1
tate.org.uk; 1
merriam-webster.com; 1
kabakov.net; 1
strana-02.ru; 1
kukiit.ru; 1
odinblago.ru; 1
journals.openedition.org; 1
www2.stetson.edu; 1
2x2tv.ru; 1
karofilm.ru; 1
start.ru; 1
taxi.yandex.ru; 1
gazeta-butyrsky.ru; 1
admnews.ru; 1
tnt-online.ru; 1
garage.digital; 1
artdoc.media; 1
garagemca.org; 1
tdaily.ru; 1
hcs64.com; 1
chronicle.com; 1
jstor.org; 1
up.csail.mit.edu; 1
novate.ru; 1
openedu.ru; 1
photohappy.ru; 1
videoforme.ru; 1
photocasa.ru; 1
neorusedu.ru; 1
vse-kursy.com; 1
craft-retro.ru; 1
21-school.ru; 1
sektaschool.ru; 1
lp.mypendel.ru; 1
delight.rent; 1
profileschool.ru; 1
rentaphoto.com; 1
welcome.stepik.org; 1
zoom-prokat.ru; 1
inst.at; 1
urgi.info; 1
netflixinvestor.com; 1
24smi.org; 1
zvonokmusical.ru; 1
victoriakanatkina.ru; 1
rulla.ru; 1
stage-musical.ru; 1
uznayvse.ru; 1
7x7-journal.ru; 1
dystopia.me; 1
htmlgiant.com; 1
metamodernism.com; 1
spletnik.ru; 1
marketing.wikireading.ru; 1
odiplom.ru; 1
peopletalk.ru; 1
hoaxes.org; 1
eavi.eu; 1
fedy-diary.ru; 1
sias.ru; 1
rebelslibrary.org; 1
online.artforintrovert.ru; 1
vispir.narod.ru; 1
religion.ranepa.ru; 1
mpra.ub.uni-muenchen.de; 1
netflixtechblog.com; 1
goodreads.com; 1
uxplanet.org; 1
news.sky.com; 1
medexpress.com; 1
mdmag.com; 1
today.mims.com; 1
rkn.gov.ru; 1
express.co.uk; 1
nir.ru; 1
kwnews.co.kr; 1
icontext.ru; 1
vokrugsveta.ru; 1
ology.sh; 1
openscientist.org; 1
useit.com; 1
citizenscience.gov; 1
cinemotionlab.com; 1
slovar.cc; 1
brodude.ru; 1
studwood.ru; 1
literaryterms.net; 1
loc.gov; 1
old.nkozlov.ru; 1
libeldoc.bsuir.by; 1
elib.bsu.by; 1
lomonpansion.com; 1
studfile.net; 1
sociosphera.com; 1
vestnik.vsu.ru; 1
research.sfu-kras.ru; 1
ucom.ru; 1
repetitfind.ru; 1
nbpublish.com; 1
mediacrimevictimguide.com; 1
dartcenter.org; 1
journals.plos.org; 1
jneurosci.org; 1
rcommunicationr.org; 1
comprop.oii.ox.ac.uk; 1
buzzfeednews.com; 1
dni.gov; 1
socioprognoz-ru.1gb.ru; 1
arxiv.org; 1
blackbook.archnadzor.ru; 1
google.com; 1
voopik.ru; 1
hraniteli-nasledia.com; 1
europeana.eu; 1
icomos.org; 1
digitalengagementframework.com; 1
gulagmap.ru; 1
helda.helsinki.fi; 1
gmig.bm.digital; 1
topos.memo.ru; 1
sand.mapofmemory.org; 1
gtmarket.ru; 1
mozohin.ru; 1
osce.org; 1
penguinrandomhouse.com; 1
strelkamag.com; 1
frankfurtschool.wordpress.com; 1
journals.ehu.lt; 1
hrw.org; 1
themoscowtimes.com; 1
patriarchia.ru; 1
psylib.org.ua; 1
arpp.ru; 1
lib.broadcasting.ru; 1
new.znanium.com; 1
rulit.me; 1
psv4.userapi.com; 1
tvrev.com; 1
mipblog.com; 1
ece.ubc.ca; 1
tvline.com; 1
csmonitor.com; 1
pravda.com.ua; 1
gordonua.com; 1
atlanticcouncil.org; 1
journalism.org; 1
carnegieeurope.eu; 1
msnbc.com; 1
carnegie.ru; 1
news.un.org; 1
rm.coe.int; 1
russkiymir.ru; 1
istina.msu.ru; 1
ru-ru.facebook.com; 1
rs.gov.ru; 1
mostitsky_universal.academic.ru; 1
newrepublic.com; 1
rferl.org; 1
theage.com.au; 1
aim.org; 1
parasitelab.com; 1
sun1-17.userapi.com; 1
okna.hse.ru; 1
sputnikipogrom.com; 1
prexplore.ru; 1
cim.hse.ru; 1
newrusmedia.ru; 1
studlife.hse.ru; 1
uctopuk.info; 1
ntk.kubstu.ru; 1
rusrand.ru; 1
propagandahistory.ru; 1
trishin.ru; 1
theinternationalcoalition.blogspot.com; 1
journals.uchicago.edu; 1
discourses.org; 1
ethics.journalism.wisc.edu; 1
simplytalkmedia.com; 1
goo.gl; 1
community.copypress.com; 1
webinknow.com; 1
mc.today; 1
sila-uma.ru; 1
mediatoolbox.ru; 1
pr-lecture.narod.ru; 1
news.pressfeed.ru; 1
pr-on-line.ru; 1
pmedu.ru; 1
russkay-literatura.ru; 1
modernlib.net; 1
sks.to; 1
voices.washingtonpost.com; 1
blogintomystery.com; 1
gse.harvard.edu; 1
bleedingcool.com; 1
gmig.ru; 1
newmedia2016.digital-books.ru; 1
varlamov.ru; 1
jf.spbu.ru; 1
mediaeducation.ucoz.ru; 1
dedovkgu.narod.ru; 1
gup.ru; 1
studmed.ru; 1
cyberlan.com.ua; 1
polylog.ru; 1
socium.ge; 1
blog.pex.com; 1
ego-drakonis.livejournal.com; 1
newsland.com; 1
insider.com; 1
walkingdead.fandom.com; 1
nuzhnapomosh.ru; 1
impactjournalismday-universities.com; 1
culturca.narod.ru; 1
isras.ru; 1
vestnik.yspu.org; 1
nauchkor.ru; 1
tapemark.narod.ru; 1
scholarworks.sjsu.edu; 1
disability-studies.leeds.ac.uk; 1
parallellinesjournal.com; 1
pdfs.semanticscholar.org; 1
thingssaidanddone.wordpress.com; 1
english.upenn.edu; 1
dsq-sds.org; 1
poestories.com; 1
az.lib.ru; 1
hdl.handle.net; 1
thenewsmanual.net; 1
ccea.org.uk; 1
fas.org; 1
cjr.org; 1
newslab.org; 1
danone.ru; 1
digitaltrainingacademy.com; 1
chaordix.com; 1
ideas.starbucks.com; 1
harley-davidson.com; 1
community.sephora.com; 1
commsec.com.au; 1
greenbook.org; 1
ici.com.ru; 1
finance-and-business.ru; 1
postium.ru; 1
networkworld.com; 1
mediabitch.ru; 1
mud.co.uk; 1
vogue.co.uk; 1
thefashionglobe.com; 1
inthefrow.com; 1
kartaistorii.ru; 1
project1917.ru; 1
screenstudy.ru; 1
netflix.com; 1
prnewswire.com; 1
filmlinc.org; 1
musicomh.com; 1
droga5.com; 1
krishaamer.com; 1
rua.ua.es; 1
bwco.info; 1
amazon.com; 1
ethos.bl.uk; 1
cbvinylrecordart.com; 1
conducttr.com; 1
bt21.com; 1
bworldonline.com; 1
queenonlinestore.com; 1
mobilemarketer.com; 1
music.allaccess.com; 1
home.dieantwoord.com; 1
roughdraft.review; 1
kik.com; 1
exclaim.ca; 1
broadcastingcable.com; 1
lascimmiapensa.com; 1
loudersound.com; 1
queenworld.com; 1
queenonline.com; 1
nydailynews.com; 1
sayonarauniverse.ru; 1
cbr.com; 1
axs.com; 1
yanko.lib.ru; 1
mid-journal.ru; 1
sila.media; 1
elle.ru; 1
theblueprint.ru; 1
cross-mediaentertainment.com; 1
personalizemedia.com; 1
Astrosociology.org; 1
media.mit.edu; 1
grrm.livejournal.com; 1
tvbythenumbers.zap2it.com; 1
teatrdoc.ru; 1
discours.io; 1
journ.bsu.edu.ru; 1
elar.urfu.ru; 1
publicschoolreview.com; 1
www2.monash.edu; 1
rara-rara.ru; 1
govoritmoskva.ru; 1
ynpress.com; 1
statbureau.org; 1
miloserdie.ru; 1
socrel.pstgu.ru; 1
zagge.ru; 1
archive.9tv.co.il; 1
fides.org; 1
gulf2000.columbia.edu; 1
understandingwar.org; 1
aina.org; 1
aljazeera.com; 1
france24.com; 1
xs4all.nl; 1
iatp.am; 1
trends.google.com; 1
nplus1.ru; 1
musicoomph.com; 1
influencermarketinghub.com; 1
socialblade.com; 1
wordstream.com; 1
traackr.com; 1
blog.hootsuite.com; 1
manshuq.com; 1
the-steppe.com; 1
about.coursera.org; 1
itunes.apple.com; 1
ixbt.com; 1
spb.hse.ru; 1
psychiatr.ru; 1
bigpodcast.ru; 1
wtfpod.com; 1
dni.ru; 1
blog.tilda.cc; 1
vashredaktor.com; 1
nieman.harvard.edu; 1
minstroyrf.ru; 1
bbnews.ru; 1
goodhousekeeping.com; 1
jan.ucc.nau.edu; 1
glavbukh.ru; 1
smh.com.au; 1
tlc.com; 1
ojrd.biomedcentral.com; 1
workforce.com; 1
delo212.ru; 1
ztbo.ru; 1
proverki.gov.ru; 1
leplants.ru; 1
tcij.org; 1
en.currenttime.tv; 1
globalbusinesscompass.com; 1
thelocal.it; 1
todiscoverrussia.com; 1
quora.com; 1
realrussianclub.com; 1
lonelyplanet.com; 1
inrussia.com; 1
calvertjournal.com; 1
atorus.ru; 1
matryoshka.fm; 1
vassiliev.com.ru; 1
elib.shpl.ru; 1
znanie.vdnh.ru; 1
lamanova.com; 1
casual-info.ru; 1
hilarispublisher.com; 1
infotables.ru; 1
lms.hse.ru; 1
statdata.ru; 1
t96878wd.beget.tech; 1
vatnikstan.ru; 1
mediakritika.by; 1
rsu.edu.ru; 1
lofficielrussia.ru; 1
russian7.ru; 1
humanities.fa.ru; 1
psystudy.ru; 1
src-master.ru; 1
x5.ru; 1
raisingchildren.net.au; 1
advi.ru; 1
partizaning.org; 1
polka.academy; 1
trans-lit.info; 1
shtopor.media; 1
rachelcorbett.com.au; 1
syg.ma; 1
