youtube.com; 46
cyberleninka.ru; 23
meduza.io; 7
researchgate.net; 6
vk.com; 6
podcasts.apple.com; 6
tass.ru; 5
vc.ru; 5
kinopoisk.ru; 5
br-analytics.ru; 5
kommersant.ru; 5
batenka.ru; 5
hse.ru; 4
rbc.ru; 4
moluch.ru; 3
kp.ru; 3
bbc.com; 3
daily.afisha.ru; 3
otr-online.ru; 3
novayagazeta.ru; 3
vedomosti.ru; 3
ebookcentral.proquest.com; 3
rbth.com; 3
evartist.narod.ru; 2
nytimes.com; 2
rtvi.com; 2
pravonadom.ru; 2
consultant.ru; 2
gks.ru; 2
zona.media; 2
archive.org; 2
theguardian.com; 2
msses.ru; 2
arzamas.academy; 2
mskagency.ru; 2
ng.ru; 2
the-village.ru; 2
riamo.ru; 2
5-tv.ru; 2
mediascope.ru; 2
studyinrussia.ru; 2
paperpaper.ru; 2
emerald.com; 2
teatrdoc.ru; 1
discours.io; 1
theoryandpractice.ru; 1
journ.bsu.edu.ru; 1
elar.urfu.ru; 1
publicschoolreview.com; 1
forbes.com; 1
www2.monash.edu; 1
rara-rara.ru; 1
kanobu.ru; 1
govoritmoskva.ru; 1
cosmo.ru; 1
ynpress.com; 1
comicconrussia.ru; 1
statbureau.org; 1
netology.ru; 1
rb.ru; 1
screenrant.com; 1
miloserdie.ru; 1
socrel.pstgu.ru; 1
zagge.ru; 1
habr.com; 1
texterra.ru; 1
archive.9tv.co.il; 1
timesofisrael.com; 1
fides.org; 1
unesco.org; 1
gulf2000.columbia.edu; 1
understandingwar.org; 1
aina.org; 1
aljazeera.com; 1
france24.com; 1
huffpost.com; 1
edition.cnn.com; 1
bbc.co.uk; 1
xs4all.nl; 1
iatp.am; 1
gamasutra.com; 1
digra.org; 1
trends.google.com; 1
philol.msu.ru; 1
nplus1.ru; 1
tvkultura.ru; 1
businessinsider.com; 1
musicoomph.com; 1
digitalnewsreport.org; 1
newyorker.com; 1
influencermarketinghub.com; 1
socialblade.com; 1
wordstream.com; 1
traackr.com; 1
blog.hootsuite.com; 1
indiewire.com; 1
vice.com; 1
hollywoodreporter.com; 1
lookatme.ru; 1
instagram.com; 1
manshuq.com; 1
the-steppe.com; 1
about.coursera.org; 1
music.yandex.ru; 1
itunes.apple.com; 1
ixbt.com; 1
incrussia.ru; 1
spb.hse.ru; 1
iz.ru; 1
psychiatr.ru; 1
who.int; 1
bigpodcast.ru; 1
serialpodcast.org; 1
wtfpod.com; 1
dni.ru; 1
special.theoryandpractice.ru; 1
blog.tilda.cc; 1
vashredaktor.com; 1
nieman.harvard.edu; 1
medium.com; 1
lenta.ru; 1
ria.ru; 1
minstroyrf.ru; 1
mos.ru; 1
interfax-russia.ru; 1
bbnews.ru; 1
goodhousekeeping.com; 1
jan.ucc.nau.edu; 1
glavbukh.ru; 1
t.me; 1
russia.tv; 1
webmd.com; 1
smh.com.au; 1
tlc.com; 1
ojrd.biomedcentral.com; 1
telegraph.co.uk; 1
workforce.com; 1
delo212.ru; 1
ovdinfo.org; 1
ztbo.ru; 1
interfax.ru; 1
proverki.gov.ru; 1
vestnik.journ.msu.ru; 1
leplants.ru; 1
svoboda.org; 1
wciom.ru; 1
wonderzine.com; 1
dictionary.cambridge.org; 1
ipsos.com; 1
tcij.org; 1
masterclass.com; 1
en.currenttime.tv; 1
globalbusinesscompass.com; 1
thelocal.it; 1
todiscoverrussia.com; 1
quora.com; 1
realrussianclub.com; 1
lonelyplanet.com; 1
inrussia.com; 1
sputniknews.com; 1
calvertjournal.com; 1
atorus.ru; 1
matryoshka.fm; 1
m24.ru; 1
vassiliev.com.ru; 1
elib.shpl.ru; 1
znanie.vdnh.ru; 1
lamanova.com; 1
radiomayak.ru; 1
casual-info.ru; 1
hilarispublisher.com; 1
iq.hse.ru; 1
infotables.ru; 1
kino-teatr.ru; 1
levada.ru; 1
lms.hse.ru; 1
statdata.ru; 1
t96878wd.beget.tech; 1
tatler.ru; 1
vatnikstan.ru; 1
mediakritika.by; 1
rsu.edu.ru; 1
lofficielrussia.ru; 1
russian7.ru; 1
colta.ru; 1
humanities.fa.ru; 1
psystudy.ru; 1
nielsen.com; 1
src-master.ru; 1
x5.ru; 1
wearesocial.com; 1
raisingchildren.net.au; 1
advi.ru; 1
seance.ru; 1
partizaning.org; 1
polka.academy; 1
trans-lit.info; 1
shtopor.media; 1
rachelcorbett.com.au; 1
syg.ma; 1
thevyshka.ru; 1
