youtube.com; 26
vk.com; 14
kinopoisk.ru; 9
meduza.io; 7
mediascope.net; 4
digitalreporter.ru; 4
rbc.ru; 4
vimeo.com; 3
levada.ru; 3
cyberleninka.ru; 3
novayagazeta.ru; 3
wonderzine.com; 3
vedomosti.ru; 3
screenlifer.com; 3
kommersant.ru; 3
boxofficemojo.com; 2
vc.ru; 2
theguardian.com; 2
newlaboratoria.ru; 2
bazelevs.ru; 2
theartnewspaper.ru; 2
currenttime.tv; 2
popsters.ru; 2
the-village.ru; 2
1tv.ru; 2
russia.tv; 2
fom.ru; 2
duma.gov.ru; 2
dw.com; 2
comingoutspb.com; 2
ru.boell.org; 2
facebook.com; 2
illuminator.info; 2
instagram.com; 2
lgbthealthlink.org; 2
mykidisgay.com; 2
lgbtqrightsinrussia.wordpress.com; 2
queertips.org; 2
elearning.hse.ru; 2
hr-elearning.ru; 2
coursera.org; 2
consultant.ru; 2
kino-teatr.ru; 2
teamuz.ru; 2
sports.ru; 1
vestnik.journ.msu.ru; 1
slate.com; 1
ipitch.tv; 1
screenwriting.info; 1
s3-uswest-2.amazonaws.com; 1
thescriptlab.com; 1
writersstore.com; 1
bigenc.ru; 1
rg.ru; 1
sostav.ru; 1
thinkwithgoogle.com; 1
tass.ru; 1
xn--b1aew.xn--p1ai; 1
vox.com; 1
providersedge.com; 1
fapmc.ru; 1
trends.google.ru; 1
oxfordreference.com; 1
journal.transformativeworks.org; 1
tandfonline.com; 1
imdb.com; 1
producersguild.org; 1
journals.sagepub.com; 1
seance.ru; 1
webfestival.ru; 1
arzamas.academy; 1
moseparh.ru; 1
mosmuseum.ru; 1
colta.ru; 1
birdinflight.com; 1
berlogos.ru; 1
contrastly.com; 1
expertphotography.com; 1
australianphotography.com; 1
format.com; 1
sobory.ru; 1
archdaily.com; 1
urban3p.ru; 1
trojza.blogspot.ru; 1
magart.ru; 1
complex.com; 1
globaltimes.cn; 1
tate.org.uk; 1
merriam-webster.com; 1
kabakov.net; 1
strana-02.ru; 1
kukiit.ru; 1
moscowartmagazine.com; 1
odinblago.ru; 1
doi.org; 1
journals.openedition.org; 1
www2.stetson.edu; 1
2x2tv.ru; 1
karofilm.ru; 1
dic.academic.ru; 1
start.ru; 1
taxi.yandex.ru; 1
gazeta-butyrsky.ru; 1
admnews.ru; 1
tnt-online.ru; 1
dazeddigital.com; 1
vice.com; 1
garage.digital; 1
artdoc.media; 1
corp.ivi.ru; 1
garagemca.org; 1
tdaily.ru; 1
film.ru; 1
ipsos.com; 1
old.kinoart.ru; 1
hcs64.com; 1
chronicle.com; 1
books.google.ru; 1
jstor.org; 1
up.csail.mit.edu; 1
novate.ru; 1
pikabu.ru; 1
openedu.ru; 1
photohappy.ru; 1
kp.ru; 1
videoforme.ru; 1
photocasa.ru; 1
neorusedu.ru; 1
vse-kursy.com; 1
craft-retro.ru; 1
21-school.ru; 1
sektaschool.ru; 1
lp.mypendel.ru; 1
delight.rent; 1
profileschool.ru; 1
rentaphoto.com; 1
welcome.stepik.org; 1
pewresearch.org; 1
zoom-prokat.ru; 1
inst.at; 1
urgi.info; 1
forbes.ru; 1
netflixinvestor.com; 1
24smi.org; 1
gazeta.ru; 1
zvonokmusical.ru; 1
victoriakanatkina.ru; 1
rulla.ru; 1
studbooks.net; 1
stage-musical.ru; 1
uznayvse.ru; 1
habr.com; 1
7x7-journal.ru; 1
artdocfest.com; 1
