youtube.com; 188
vk.com; 94
cyberleninka.ru; 66
clck.ru; 55
meduza.io; 51
instagram.com; 51
vc.ru; 43
consultant.ru; 36
kommersant.ru; 34
facebook.com; 32
kinopoisk.ru; 27
tass.ru; 26
doi.org; 25
rbc.ru; 24
vedomosti.ru; 22
seance.ru; 22
theguardian.com; 20
forbes.ru; 18
the-village.ru; 18
mediascope.net; 17
twitter.com; 17
nytimes.com; 15
ria.ru; 15
proficinema.ru; 15
the-flow.ru; 15
rg.ru; 14
gazeta.ru; 13
bbc.com; 13
forbes.com; 13
tvrain.ru; 13
podcasts.apple.com; 13
levada.ru; 12
colta.ru; 12
yandex.ru; 12
variety.com; 12
adindex.ru; 11
fom.ru; 11
medium.com; 11
t.me; 11
wciom.ru; 11
mediascope.ru; 10
shutterstock.com; 10
bit.ly; 10
lenta.ru; 9
statista.com; 9
sostav.ru; 8
tjournal.ru; 8
novayagazeta.ru; 8
youtu.be; 8
wonderzine.com; 8
daily.afisha.ru; 8
i-m-i.ru; 7
br-analytics.ru; 7
theverge.com; 7
1tv.ru; 7
hse.ru; 7
cnbc.com; 7
artdocfest.com; 7
primgazeta.ru; 7
texterra.ru; 6
rb.ru; 6
ru.wikipedia.org; 6
cossa.ru; 6
chronicles.igmsu.org; 6
interfax.ru; 6
web-canape.ru; 6
tineodna.ru; 6
un.org; 6
starwars.com; 6
kosmo-museum.ru; 6
kinobusiness.com; 6
pacificmeridianfest.ru; 6
message2man.com; 6
moscowfilmfestival.ru; 6
greenpeace.ru; 6
rapsinews.ru; 5
thinkwithgoogle.com; 5
archive.org; 5
pwc.ru; 5
businessinsider.com; 5
hollywoodreporter.com; 5
russia.tv; 5
doxajournal.ru; 5
vimeo.com; 5
ru.hellomagazine.com; 5
reutersinstitute.politics.ox.ac.uk; 5
gks.ru; 5
vice.com; 5
nngroup.com; 5
latimes.com; 5
imdb.com; 5
habr.com; 5
researchgate.net; 5
screenlifer.com; 5
appannie.com; 5
drive.google.com; 4
webindex.mediascope.net; 4
mk.ru; 4
wired.com; 4
popsters.ru; 4
ign.com; 4
dtf.ru; 4
departament.com; 4
izi.travel; 4
bloomberg.com; 4
postnauka.ru; 4
gamasutra.com; 4
goo-gl.ru; 4
iz.ru; 4
group-ib.ru; 4
dictionary.cambridge.org; 4
vokrug.tv; 4
britannica.com; 4
indiewire.com; 4
time.com; 4
starwars.fandom.com; 4
en.oxforddictionaries.com; 4
kinometro.ru; 4
business-gazeta.ru; 4
kinoart.ru; 4
moluch.ru; 4
jrnlst.ru; 4
incrussia.ru; 4
digitalreporter.ru; 4
nme.com; 3
support.google.com; 3
kp.ru; 3
echo.msk.ru; 3
kino-teatr.ru; 3
bigenc.ru; 3
zen.yandex.ru; 3
aif.ru; 3
rusability.ru; 3
buro247.ru; 3
docs.google.com; 3
metacritic.com; 3
polygon.com; 3
pewresearch.org; 3
gdcvault.com; 3
autostat.ru; 3
niemanlab.org; 3
digiday.com; 3
theatlantic.com; 3
tandfonline.com; 3
ipsos.com; 3
washingtonpost.com; 3
newzoo.com; 3
theartnewspaper.ru; 3
ifpi.org; 3
svoboda.org; 3
zona.media; 3
dazeddigital.com; 3
entrepreneur.com; 3
nasiliu.net; 3
gumer.info; 3
sisters-help.ru; 3
regnum.ru; 3
ridus.ru; 3
owl.ru; 3
esquire.ru; 3
kremlin.ru; 3
newyorker.com; 3
telegraph.co.uk; 3
vox.com; 3
film.ru; 3
henryjenkins.org; 3
gamestudies.org; 3
mkrf.ru; 3
tvkultura.ru; 3
bfi.org.uk; 3
nafi.ru; 3
memepedia.ru; 3
3dnews.ru; 3
www2.deloitte.com; 3
ebookcentral.proquest.com; 3
snob.ru; 3
uznaychtotakoe.ru; 3
mel.fm; 3
tech.yandex.ru; 3
dw.com; 3
agilemanifesto.org; 3
edisonresearch.com; 3
gufo.me; 3
visualstorytelling.ru; 2
theatrummundi.org; 2
massmoca.org; 2
jarjad.ru; 2
cnews.ru; 2
metronews.ru; 2
vgtimes.ru; 2
pikabu.ru; 2
spbdnevnik.ru; 2
vz.ru; 2
igromania.ru; 2
cinemablend.com; 2
clubforinternet.net; 2
wearesocial.com; 2
finam.ru; 2
sberbank.ru; 2
slideshare.net; 2
os.colta.ru; 2
dangerouslilly.com; 2
about.google; 2
ocw.mit.edu; 2
developer.android.com; 2
inc.com; 2
com; 2
vogue.ru; 2
heidicohen.com; 2
seoded.ru; 2
independent.co.uk; 2
pcgamer.com; 2
habrahabr.ru; 2
kotaku.com; 2
edition.cnn.com; 2
gdcuffs.com; 2
lamborghini.com; 2
studbooks.net; 2
eventory.cc; 2
slashgear.com; 2
iom.anketolog.ru; 2
blog.mann-ivanov-ferber.ru; 2
medialeaks.ru; 2
tatler.ru; 2
outofcloud.ru; 2
uplab.ru; 2
wsj.com; 2
republic.ru; 2
accenture.com; 2
iab.com; 2
congress.gov; 2
theesa.com; 2
moscowartmagazine.com; 2
alexa.com; 2
soompi.com; 2
kpopstarz.com; 2
ivi.ru; 2
litres.ru; 2
secretmag.ru; 2
https:; 2
iphones.ru; 2
finance.rambler.ru; 2
unesdoc.unesco.org; 2
news.bbc.co.uk; 2
eksmo.ru; 2
life.ru; 2
hypebeast.com; 2
cosmo.ru; 2
ntv.ru; 2
nauchforum.ru; 2
mashable.com; 2
pr-cy.ru; 2
krizis-centr.ru; 2
360tv.ru; 2
takiedela.ru; 2
dp.ru; 2
ama.org; 2
rollingstone.com; 2
observer.com; 2
history.com; 2
npr.org; 2
collider.com; 2
the-numbers.com; 2
hbr.org; 2
content.time.com; 2
rottentomatoes.com; 2
crowdriff.com; 2
awn.com; 2
old.kinoart.ru; 2
snimifilm.com; 2
dic.academic.ru; 2
complex.com; 2
thedailybeast.com; 2
slate.com; 2
jacobinmag.com; 2
reddit.com; 2
economictimes.indiatimes.com; 2
sobaka.ru; 2
kinoreporter.ru; 2
thr.ru; 2
fiapf.org; 2
schloesser.bayern.de; 2
nymag.com; 2
m24.ru; 2
wipolex.wipo.int; 2
mosmuseum.ru; 2
naive-museum.ru; 2
hbr-russia.ru; 2
hh.ru; 2
rating.hh.ru; 2
lurkmore.to; 2
vogue.com; 2
help.instagram.com; 2
corp.ivi.ru; 2
patreon.com; 2
athensjournals.gr; 2
pbs.org; 2
powerbranding.ru; 2
rsbor-msk.ru; 2
unsplash.com; 2
annualreviews.org; 2
sberbank.com; 2
knife.media; 2
zircon.ru; 2
cinemafirst.ru; 2
krugosvet.ru; 2
developer.apple.com; 2
lucidchart.com; 2
planeta.ru; 2
sreda.photo; 2
fotodepartament.ru; 2
lumiere.ru; 2
textologia.ru; 2
cheloveknauka.com; 2
tvkinoradio.ru; 2
vestnik.journ.msu.ru; 2
boxofficemojo.com; 2
newlaboratoria.ru; 2
bazelevs.ru; 2
currenttime.tv; 2
duma.gov.ru; 2
comingoutspb.com; 2
ru.boell.org; 2
illuminator.info; 2
lgbthealthlink.org; 2
mykidisgay.com; 2
lgbtqrightsinrussia.wordpress.com; 2
queertips.org; 2
elearning.hse.ru; 2
hr-elearning.ru; 2
coursera.org; 2
teamuz.ru; 2
vashdosug.ru; 1
stengazeta.net; 1
alexdacorte.com.–; 1
akhmatova.spb.ru; 1
futurerussia.gov.ru; 1
culture.ru; 1
rimini-protokoll.de; 1
audio-brand.com; 1
intelsib.com; 1
acgi.ru; 1
collinsdictionary.com; 1
marketingcharts.com; 1
constructionbusinessowner.com; 1
music.britishcouncil.org; 1
frontiersin.org; 1
thesoundagency.com; 1
perfectfit.ru; 1
sintezia.com; 1
pravo.ru; 1
rns.online; 1
m.vk.com; 1
mic.org.ru; 1
eais.rkn.gov.ru; 1
telesputnik.ru; 1
check-host.net; 1
vsrf.ru; 1
97-fz.rkn.gov.ru; 1
media-pravo.info; 1
br-analyt-ics.ru; 1
sudact.ru; 1
oreilly.com; 1
propr.ca; 1
www1.rfi.fr; 1
cinematheque.ru; 1
pravoslavie.ru; 1
stalkerfangroup.ru; 1
gsc-game.ru; 1
stalker.fandom.com; 1
smns-games.com; 1
gameawards.ru; 1
army.lv; 1
pink-floyd.ru; 1
rb.mchs.gov.ru; 1
wf.mail.ru; 1
boardgamer.ru; 1
playground.ru; 1
stopgame.ru; 1
rep.ru; 1
pripyat.com; 1
pripyat-city.ru; 1
back-in-ussr.com; 1
isotopium.com; 1
lexico.com; 1
metro2033.ru; 1
steamcommunity.com; 1
stalker2.com; 1
mobygames.com; 1
survarium.com; 1
stalkermod.ru; 1
swissinfo.ch; 1
internetbeyond.net; 1
dolgoprudny.com; 1
urban.hse.ru; 1
gorodarus.ru; 1
ucl.ac.uk; 1
firrma.ru; 1
koloro.ru; 1
romir.ru; 1
realnoevremya.ru; 1
itweek.ru; 1
thefinancialbrand.com; 1
es.kearney.com; 1
markswebb.ru; 1
fisglobal.com; 1
investor.qiwi.com; 1
prostitutka-ket.livejournal.com; 1
ranir.ru; 1
vivovoco.astronet.ru; 1
nikonova.online; 1
girlwithaonetrackmind.blogspot.com; 1
business-class.pro; 1
raex-rr.com; 1
partymaniacs.ru; 1
eclass.teicrete.gr; 1
cmxhub.com; 1
community-canvas.org; 1
communityhub.ru; 1
store.google.com; 1
phone.yandex.ru; 1
blog.google; 1
ipe-lab.com; 1
theconversation.com; 1
foldoc.org; 1
killedbygoogle.com; 1
cutt.ly; 1
xiaomi-mi.com; 1
plus.yandex.ru; 1
cnet.com; 1
usertesting.com; 1
s22.q4cdn.com; 1
mkdev.me; 1
radar.yandex.ru; 1
digger.ru; 1
newsroom.spotify.com; 1
chinadaily.com.cn; 1
magazines.gorky.media; 1
publications.hse.ru; 1
base.garant.ru; 1
xn--80afd4affbbat.xn--p1ai; 1
firstmonday.org; 1
arts.uwa.edu.au; 1
cosmopolitan.com; 1
capitalfm.com; 1
thesun.co.uk; 1
newswhip.com; 1
archive.nytimes.com; 1
marieclaire.com; 1
radiovesti.ru; 1
avtoradio.ru; 1
radiomayak.ru; 1
zaochnik.com; 1
shop.ziqandyoni.com; 1
wosbrand.co; 1
etxt.ru; 1
mcnholding.com; 1
ogilvy.com; 1
fwrdagency.com; 1
masterclass.com; 1
goo.; 1
pracademy.co.uk; 1
storynet.org; 1
vogue.com.au; 1
te-st.ru; 1
intellaw.org.ua; 1
art-news.com.ua; 1
onlinelibrary.wiley.com; 1
sciencepop.ru; 1
demos-center.ru; 1
ssrn.com; 1
marxists.org; 1
lrb.co.uk; 1
rsf.org; 1
igmsu.org; 1
votesmart.appspot.com; 1
theses.igmsu.org; 1
change.org; 1
msu.ru; 1
splc.org; 1
rpgwatch.com; 1
wikipedia.org; 1
gamesparks.com; 1
e3expo.com; 1
ru.ign.com; 1
telltale.com; 1
historyofinformation.com; 1
ichip.ru; 1
xsens.com; 1
engadget.com; 1
gamesradar.com; 1
blog.us.playstation.com; 1
virtuafighter.fandom.com; 1
eurogamer.net; 1
80.lv; 1
sporttechie.com; 1
evolkov.net; 1
mith.ru; 1
irfanerdogan.com; 1
blog.rescuetime.com; 1
contentmarketinginstitute.com; 1
ourworldindata.org; 1
hbo.com; 1
ejinsight.com; 1
playstationlifestyle.net; 1
clicknothing.typepad.com; 1
wccftech.com; 1
cdprojekt.com; 1
venturebeat.com; 1
faq.brandonsanderson.com; 1
readlivemagazine.ru; 1
ru.silasveta.com; 1
helloendless.com; 1
owox.ru; 1
ba.hse.ru; 1
akarussia.ru; 1
ru.motor1.com; 1
eventnn.ru; 1
bsplan.ru; 1
tenderp.com; 1
news.drom.ru; 1
abreview.ru; 1
autonews.ru; 1
event.ru; 1
in-scale.ru; 1
imars.ru; 1
expocentr.ru; 1
ippnou.ru; 1
studme.org; 1
comic-con.org; 1
adage.com; 1
dali2020.ru; 1
psychologistworld.com; 1
adhard.ru; 1
marketing.spb.ru; 1
eventmarketer.com; 1
aventri.com; 1
membrana.ru; 1
linkedin.com; 1
stihi.ru; 1
marieclaire.ru; 1
ok-magazine.ru; 1
fundamental-research.ru; 1
aboutdata.ru; 1
github.com; 1
leadzavod.com; 1
ruward.ru; 1
getresponse.com; 1
demos.co.uk; 1
aboutus.ft.com; 1
emarketer.com; 1
recode.net; 1
mckinsey.com; 1
digitalnewsreport.org; 1
investors.nytco.com; 1
talkingpointsmemo.com; 1
cbinsights.com; 1
innovation.media; 1
mediapost.com; 1
evartist.narod.ru; 1
themedia.center; 1
refnews.ru; 1
emag.iis.ru; 1
cultlook.org; 1
pastenow.ru; 1
ibm.com; 1
cmd-journal.hse.ru; 1
journ.msu.ru; 1
oag.ca.gov; 1
legislation.gov.uk; 1
data-flair.training; 1
deloitte.co.uk; 1
aibusiness.com; 1
gartner.com; 1
zunia.org; 1
zdnet.com; 1
cnil.fr; 1
medialandscapes.org; 1
nem-initiative.org; 1
gdpr-info.eu; 1
pangaeaalliance.com; 1
pwc.com; 1
roymorgan.com; 1
analyticsindiamag.com; 1
business-reporter.co.uk; 1
gesetze-im-internet.de; 1
nielsen.com; 1
blog.gfk.com; 1
app.leg.wa.gov; 1
blizzard.com; 1
xbox.com; 1
netology.ru; 1
androidcentral.com; 1
carriemelissa.com; 1
feverbee.com; 1
web-strategist.com; 1
thegamepost.com; 1
getopensocial.com; 1
gamerant.com; 1
webcitation.org; 1
igi-global.com; 1
aptxt.com; 1
becoming-researcher.com; 1
gefter.ru; 1
special.theoryandpractice.ru; 1
azbuka.gif.ru; 1
aroundart.org; 1
kunstkamera.ru; 1
xz.gif.ru; 1
museum.ru; 1
articles.themuseumreview.org; 1
kpopsecrets.tumblr.com; 1
koreatimes.co.kr; 1
themusicnetwork.com; 1
synthesio.com; 1
rizaweganofa.blogspot.ru; 1
newsweek.com; 1
swedishnomad.com; 1
grammy.com; 1
koreaherald.com; 1
dgl.ru; 1
esetnod32.ru; 1
mirror.ororo.tv; 1
global-finances.ru; 1
kad.arbitr.ru; 1
kartaslov.ru; 1
trashbox.ru; 1
mos-gorsud.ru; 1
lifehacker.ru; 1
tuapsevesti.ru; 1
storytel.com; 1
roem.ru; 1
music.yandex.ru; 1
rapo.ru; 1
tvzavr.ru; 1
ru.bookmate.com; 1
rocit.ru; 1
reestr.rublacklist.net; 1
filmpro.ru; 1
rutracker.wiki; 1
telecomdom.ru; 1
amediateka.ru; 1
marketrealist.com; 1
nofilmschool.com; 1
lib.ru; 1
research.netflix.com; 1
copyright.gov; 1
premier.one; 1
theoutline.com; 1
govbooktalk.gpo.gov; 1
belcanto.ru; 1
articult.rsuh.ru; 1
comicartville.com; 1
imageandnarrative.be; 1
metapedia.com; 1
search.proquest.com; 1
znak.com; 1
thetimes.co.uk; 1
gq.ru; 1
vsrap.ru; 1
kompravda.eu; 1
fedpress.ru; 1
actualcomment.ru; 1
news.ru; 1
ura.news; 1
highsnobiety.com; 1
teleprogramma.pro; 1
radiosputnik.ria.ru; 1
cyberpsy.ru; 1
esj.pnzgu.ru.; 1
websitehostingrating.com; 1
datareportal.com; 1
fastcompany.com; 1
planetslife.ru; 1
sdelano.media; 1
quickstats.censusdata.abs.gov.au; 1
musicfindsmedia.wordpress.com; 1
journalism.co.uk; 1
opentextbc.ca; 1
webershandwick.com; 1
convene.com; 1
dailycaller.com; 1
thehustle.co; 1
hired.com; 1
business2community.com; 1
m.habr.com; 1
skvot.2035.university; 1
apps.apple.com; 1
stop-abuse.ru; 1
library.gender-ehu.org; 1
socionauki.ru; 1
elibrary.ru; 1
ruskline.ru; 1
who.int; 1
ecsocman.hse.ru; 1
anna-center.ru; 1
slovodel.com; 1
project911.ru; 1
youtubekids.com; 1
anthropology-news.org; 1
culanth.org; 1
thedrum.com; 1
popsop.com; 1
rzd-partner.ru; 1
5-tv.ru; 1
moskvichmag.ru; 1
abireg.ru; 1
daccle.com; 1
brandingmag.com; 1
academy.kaspersky.ru; 1
drgroup.ru; 1
tadviser.ru; 1
kanobu.ru; 1
yukaichou.com; 1
deadline.com; 1
film.avclub.com; 1
press.aboutamazon.com; 1
mazsystems.com; 1
architecturaldigest.com; 1
aboveavalon.com; 1
help.netflix.com; 1
sxsw.com; 1
whatsnewinpublishing.com; 1
slashfilm.com; 1
redrumers.com; 1
thewrap.com; 1
bechdeltest.com; 1
comingsoon.net; 1
forcecast.net; 1
blog.collectivejourney.com; 1
eleventhirtyeight.com; 1
success.com; 1
marvel.com; 1
iep.utm.edu; 1
rogerebert.com; 1
lucasfilm.com; 1
esquire.com; 1
empireonline.com; 1
billmoyers.com; 1
stephenpkelly.co.uk; 1
comicsalliance.com; 1
bookriot.com; 1
unesco.org; 1
sciencemuseumgroup.org.uk; 1
oneboxtds.com; 1
digitalstoryteller.co; 1
smbp.uwaterloo.ca; 1
museumnext.com; 1
royalsocietypublishing.org; 1
canalys.com; 1
awards.bafta.org; 1
bogost.com; 1
jenovachen.info; 1
jenovachen.com; 1
kickstarter.com; 1
thelocal.se; 1
halshs.archives—ouvertes.fr; 1
jesperjuul.net; 1
avilar.blogspot.com; 1
gamespot.com; 1
unity3d.com; 1
kosmo—museum.ru; 1
hi—news.ru; 1
dictionary.com; 1
mult.tlum.ru; 1
movieresearch.ru; 1
kino.rambler.ru; 1
disney.ru; 1
sub.clearspending.ru; 1
interfax-russia.ru; 1
thewaltdisneycompany.com; 1
roscosmos.ru; 1
buran.tass.ru; 1
spacemen.tass.ru; 1
mks.tass.ru; 1
academic.regis.edu; 1
ne-mo.org; 1
themuseumofthefuture.com; 1
grants.culture.ru; 1
rukamifest.com; 1
fond-kino.ru; 1
garant.ru; 1
research.nevafilm.ru; 1
quote.rbc.ru; 1
gtrkchita.ru; 1
new.tatarkino.ru; 1
idelreal.org; 1
bfm.ru; 1
sakhamovie.ru; 1
sakhalife.ru; 1
mincult.tatarstan.ru; 1
dv.kp.ru; 1
vrn.kp.ru; 1
ugra.kp.ru; 1
businessinsider.com.au; 1
revistas.ulima.edu.pe; 1
dl.acm.org; 1
academia.edu; 1
flatpanelshd.com; 1
studiobinder.com; 1
newsru.com; 1
glamour.ru; 1
wordsonline.ru; 1
xn--80aaefw2ahcfbneslds6a8jyb.xn--p1ai; 1
digitalliteraci.es; 1
itu.foleon.com; 1
digital.gov.ru; 1
government.ru; 1
xn----7sbikand4bbyfwe.xn--p1ai; 1
criticalhit.net; 1
kinonews.ru; 1
buchanan.org; 1
bits.blogs.nytimes.com; 1
thesmokinggun.com; 1
thehill.com; 1
butyoudontlooksick.com; 1
cdrnys.org; 1
opendemocracy.net; 1
city-journal.org; 1
tiki-toki.com; 1
ew.com; 1
seattletimes.com; 1
truthdig.com; 1
aintitcool.com; 1
leftvoice.org; 1
incels.co; 1
deserthopetreatment.com; 1
breitbart.com; 1
avoiceformen.com; 1
marginalrevolution.com; 1
dailywire.com; 1
aier.org; 1
banned.video; 1
infowars.com; 1
sueddeutsche.de; 1
tsargrad.tv; 1
mtv.com; 1
bolshoi.ru; 1
spin.com; 1
oistrakh.ru; 1
schmutzberlin.com; 1
ft.com; 1
abc.net.au; 1
emg.fm; 1
thequietus.com; 1
radiotimes.com; 1
bandzoogle.com; 1
resilientmusic.com; 1
thebalancecareers.com; 1
martinroll.com; 1
eurovisionworld.com; 1
metro.co.uk; 1
billboard.com; 1
moonrok.com; 1
mir24.tv; 1
rma.ru; 1
zvuki.ru; 1
vma-pesnyary.com; 1
openmusic.ru; 1
expert.ru; 1
vgik.info; 1
vologda.kp.ru; 1
rimamedia.ru; 1
museikino.ru; 1
portal-kultura.ru; 1
festhome.com; 1
festivalfilm.ru; 1
dmonsters.ru; 1
tlgg.ru; 1
iffr.com; 1
poff.ee; 1
hennesy.cc; 1
sltrib.com; 1
zeit.de; 1
artsfuse.org; 1
festivalfilm1939.com; 1
locarnofestival.ch; 1
travel.trade.gov; 1
sproutsocial.com; 1
disneytravelagents.com; 1
instastatistics.com; 1
thepreviewapp.com; 1
orel.kp.ru; 1
rockcult.ru; 1
docplayer.ru; 1
rao.ru; 1
tophit.ru; 1
pureportal.spbu.ru; 1
tabloid.net.ru; 1
ozhegov.ru; 1
studio21.ru; 1
svpressa.ru; 1
paperpaper.ru; 1
europeancourt.ru; 1
constitutionrf.ru; 1
minjust.ru; 1
thoughtco.com; 1
oed.com; 1
news.gallup.com; 1
aam-us.org; 1
arttrak.com; 1
benchmarkemail.com; 1
colleendilen.com; 1
grayling.com; 1
mos.ru; 1
rom.on.ca; 1
unisender.com; 1
cim.co.uk; 1
rating.fut.ru; 1
xn--80aagahqwyibe8an.com; 1
interaffairs.ru; 1
intelros.ru; 1
journal.mrsu.ru; 1
noobtype.ru; 1
wikireality.ru; 1
wattpad.com; 1
bebusel.ru; 1
boards.4chan.org; 1
pixability.com; 1
instyle.com; 1
dailymail.co.uk; 1
elle.com; 1
morningstar.com; 1
antipiracy.changecopyright.ru; 1
eur-lex.europa.eu; 1
legislation.govt.nz; 1
chto-takoe.net; 1
connectsafely.org; 1
bullyingstatistics.org; 1
mlg.ru; 1
blogs.microsoft.com; 1
the-ebook.org; 1
tpprf.ru; 1
thg.ru; 1
ets.ru; 1
ijoc.org; 1
portalus.ru; 1
dailystorm.ru; 1
nsk.sibnovosti.ru; 1
cia.gov; 1
chrome.google.com; 1
fanserials.network; 1
hillsong.com; 1
youversion.com; 1
reifman.ru; 1
old.kpfu.ru; 1
theoryandpractice.ru; 1
makeuseof.com; 1
vulture.com; 1
rbth.com; 1
en.ejo.ch; 1
radiostation.ru; 1
chicagotribune.com; 1
cartoonbrew.com; 1
looper.com; 1
screenrant.com; 1
docme.ru; 1
socialstudiesmegastore.com; 1
effectivelanguagelearning.com; 1
manovich.net; 1
link.springer.com; 1
piligrim.fund; 1
kodak.com; 1
design.hse.ru; 1
weforum.org; 1
runova08.ru; 1
gazetagreencity.ru; 1
art-mumu.ru; 1
ankor-center.ru; 1
internetinstitute.ru; 1
workingmama.ru; 1
archi.ru; 1
contemporary-artists.ru; 1
ioe.hse.ru; 1
zilcc.ru; 1
mn.ru; 1
ecoartkonkurs.ru; 1
legacy-ef.com; 1
lspconference.ru; 1
art-education.ru; 1
skorohody.com; 1
mamuski.ru; 1
yamal-obr.ru; 1
newtonew.com; 1
art.sredaobuchenia.ru; 1
geniusmarketing.me; 1
discourseanalysis.org; 1
artuzel.com; 1
stoneforest.ru; 1
thewallproject.ru; 1
research-journal.org; 1
mabee.ru; 1
kitapp.pro; 1
mnr.gov.ru; 1
sobirator.ru; 1
hardclient.com; 1
punicapp.com; 1
russian.rt.com; 1
gamedev.net; 1
digra.org; 1
ipcc.ch; 1
believe.earth; 1
wri.org; 1
info.localytics.com; 1
reviewed.com; 1
ieeexplore.ieee.org; 1
realty.rbc.ru; 1
av.ru; 1
climatewatchdata.org; 1
fasie.ru; 1
meteorf.ru; 1
mcdonalds.ru; 1
belretail.by; 1
socialidea.ru; 1
transit.dot.gov; 1
library.wmo.int; 1
wwf.ru; 1
xn--80afcdbalict6afooklqi5o.xn--p1ai; 1
economy.gov.ru; 1
crisiscenter.ru; 1
toxic-parents.com; 1
yasno.live; 1
play.google.com; 1
serialpodcast.org; 1
thevyshka.ru; 1
rtd.rt.com; 1
printservice.pro; 1
carabaas.livejournal.com; 1
odesafilmstudio.com.ua; 1
chaskor.ru; 1
ascmag.com; 1
cinemania-by.livejournal.com; 1
filmsoundsweden.se; 1
nkj.ru; 1
mosfilm.ru; 1
widescreenmuseum.com; 1
cinemapages.livejournal.com; 1
proza.ru; 1
istoriya-kino.ru; 1
analiculturolog.ru; 1
akter.kulichki.net; 1
scepsis.net; 1
remptongames.com; 1
digitpress.com; 1
xenon.stanford.edu; 1
techradar.com; 1
minsport.gov.ru; 1
be1.ru; 1
artel.media; 1
zdolnaja.by; 1
thisgirlcan.co.uk; 1
wamsport.com; 1
girl-power.club; 1
operations.nfl.com; 1
bigpicture.ru; 1
firstandgoal.ru; 1
news.sportbox.ru; 1
free-topic.ru; 1
rt.com; 1
teenvogue.com; 1
washingtonexaminer.com; 1
marketingweek.com; 1
sfia.org; 1
sportsshow.net; 1
onlinemasters.ohio.edu; 1
nfl.com; 1
godliteratury.ru; 1
kokoc.com; 1
projectimo.ru; 1
12manage.com; 1
b2binternational.com; 1
podcasters.spotify.com; 1
artifex.ru; 1
magcloud.com; 1
valiafetisov.com; 1
prolificquarterly.us; 1
obscuraemagazine.com; 1
forms.gle; 1
mirf.ru; 1
gazetargub.ru; 1
comicconrussia.ru; 1
ridero.ru; 1
selfpub.ru; 1
kdp.amazon.com; 1
cdr.lib.unc.edu; 1
material.io; 1
en.facebookbrand.com; 1
en.instagram-brand.com; 1
figma.com; 1
about.twitter.com; 1
rgsu.net; 1
lib.herzen.spb.ru; 1
tiktok.com; 1
grazkodeks.ru.; 1
perezagruzka.tnt-online.ru; 1
tefitv.ru; 1
podium.friday.ru; 1
flacon-magazine.com; 1
sncmedia.ru; 1
bravotv.com; 1
bl.uk; 1
condenast.ru; 1
tvformats.com; 1
globalwebindex.com; 1
harpersbazaar.com; 1
frapa.org; 1
cdn.businessoffashion.com; 1
thredup.com; 1
podtail.com; 1
full.sptl.spb.ru; 1
tiburon-research.ru; 1
probusiness.io; 1
daily10.ru; 1
rucont.ru; 1
digitalreporter.; 1
artgang.ru; 1
culture.niv.ru; 1
mamardashvili.com; 1
iph.ras.ru; 1
rus-yaz.niv.ru; 1
ushakovdictionary.ru; 1
style.rbc.ru; 1
theblot.com; 1
lendedu.com; 1
nyti.ms; 1
ibc.org; 1
darkermagazine.ru; 1
sakharov-center.ru; 1
dark-area.ru; 1
kinogonch.ru; 1
news.samsung.com; 1
zeh.media; 1
huffpost.com; 1
newsarama.com; 1
scriptmag.com; 1
lafilmawards.net; 1
theshortfilmfestival.com; 1
gigaom.com; 1
zimbio.com; 1
betanews.com; 1
applied-research.ru; 1
markerly.com; 1
s3.amazonaws.com; 1
gfk.com; 1
mediator.media; 1
polygant.net; 1
izron.ru; 1
interaction-design.org; 1
sports.ru; 1
ipitch.tv; 1
screenwriting.info; 1
s3-uswest-2.amazonaws.com; 1
thescriptlab.com; 1
writersstore.com; 1
xn--b1aew.xn--p1ai; 1
providersedge.com; 1
fapmc.ru; 1
trends.google.ru; 1
oxfordreference.com; 1
journal.transformativeworks.org; 1
producersguild.org; 1
journals.sagepub.com; 1
webfestival.ru; 1
arzamas.academy; 1
moseparh.ru; 1
birdinflight.com; 1
berlogos.ru; 1
contrastly.com; 1
expertphotography.com; 1
australianphotography.com; 1
format.com; 1
sobory.ru; 1
archdaily.com; 1
urban3p.ru; 1
trojza.blogspot.ru; 1
magart.ru; 1
globaltimes.cn; 1
tate.org.uk; 1
merriam-webster.com; 1
kabakov.net; 1
strana-02.ru; 1
kukiit.ru; 1
odinblago.ru; 1
journals.openedition.org; 1
www2.stetson.edu; 1
2x2tv.ru; 1
karofilm.ru; 1
start.ru; 1
taxi.yandex.ru; 1
gazeta-butyrsky.ru; 1
admnews.ru; 1
tnt-online.ru; 1
garage.digital; 1
artdoc.media; 1
garagemca.org; 1
tdaily.ru; 1
hcs64.com; 1
chronicle.com; 1
books.google.ru; 1
jstor.org; 1
up.csail.mit.edu; 1
novate.ru; 1
openedu.ru; 1
photohappy.ru; 1
videoforme.ru; 1
photocasa.ru; 1
neorusedu.ru; 1
vse-kursy.com; 1
craft-retro.ru; 1
21-school.ru; 1
sektaschool.ru; 1
lp.mypendel.ru; 1
delight.rent; 1
profileschool.ru; 1
rentaphoto.com; 1
welcome.stepik.org; 1
zoom-prokat.ru; 1
inst.at; 1
urgi.info; 1
netflixinvestor.com; 1
24smi.org; 1
zvonokmusical.ru; 1
victoriakanatkina.ru; 1
rulla.ru; 1
stage-musical.ru; 1
uznayvse.ru; 1
7x7-journal.ru; 1
