https://vk.com/video-36507793_456241013?list=5e5c59706abc560206; 1
https://vk.com/@imoambidexter-otkrytoe-pismo-redakcii-i-chitatelyam/; 1
https://vk.com/topic-58234032_36244297?post=62/; 1
https://vk.com/takiedela_ru; 1
https://vk.com/@queenrocks-ne-ostanavlivaite-nas-seichas-intervu-braiana-i-rodzhera-zhu; 1
https://vk.com/@boomkniga-meropriyatiya-s-kreigom-tompsonoms; 1
https://vk.com/@warningcolored-artists-writers-and-artisans; 1
https://vk.com/tbokuchino; 1
https://vk.com/littlepeoplebigworld; 1
https://vk.com/izzznanka?w=wall-115718282_132559; 1
https://vk.com/savemyspeechse; 1
