https://vk.com/wlafmoscow.; 2
https://vk.com/illuminator_project; 2
https://vk.com/gaylust; 2
https://vk.com/belgay; 2
https://vk.com/resurslgbtmsk; 2
https://vk.com/lgbtnet; 2
https://vk.com/itgetsbetter_russia; 2
https://vk.com/lgbtq_2016; 2
https://vk.com/@ashomko-stavlu-laik-dizlaikam; 1
https://vk.com/adminsclub; 1
https://vk.com/authors; 1
https://vk.com/@adminsclub-citation; 1
https://vk.com/in.humour; 1
https://vk.com/@authors-kak-zarabotat-vkontakte; 1
https://vk.com/dont_panic_42; 1
https://vk.com/mom; 1
https://vk.com/@vkmusic-subscription; 1
https://vk.com/@adminsclub-nemesis-results; 1
https://vk.com/app6890792#p=3061; 1
https://vk.com/blog/nemesis; 1
https://vk.com/page-2158488_44596199; 1
https://vk.com/support?act=faqs; 1
https://vk.com/terms; 1
https://vk.com/help?act=cc_terms; 1
https://vk.com/@authors-redaktor-statei1; 1
https://vk.com/@authors-redaktor-statei; 1
https://vk.com/wall-76477496_25038; 1
https://vk.com/@authors-chtodelat-esli-vashi-avtorskie-prava-narushili; 1
https://vk.com/talents; 1
https://vk.com/@authors-prometheus; 1
https://vk.com/woman.blog; 1
http://vk.com/dmca; 1
https://vk.com/wall-4953123_44721; 1
https://vk.com/zny_worldwide; 1
https://vk.com/wall-128503206_4363; 1
https://vk.com/zaperenosvladimira; 1
https://vk.com/wall-27917858_25194; 1
https://vk.com/wall-27917858_26533; 1
https://vk.com/doxajournal?w=wall-128503206_4212; 1
https://vk.com/bookmarks?from_menu=1&w=wall-128503206_4325%2F1c35b02dd760883588; 1
https://vk.com/crisiscentspb; 1
https://vk.com/sisters.help; 1
https://vk.com/chewies?w=wall-120844274_2335; 1
https://vk.com/kosmo_museum; 1
https://vk.com/wall-34866950_8416; 1
https://vk.com/wall-34866950_14630; 1
https://vk.com/wall-34866950_14891; 1
https://vk.com/wall-34866950_36987; 1
https://vk.com/wall-34866950_36536; 1
https://vk.com/wall-34866950_42293; 1
https://vk.com/husky_perm?w=wall-167397480_219; 1
https://vk.com/husky_samara2?w=wall-167398007_304; 1
https://vk.com/husky_music; 1
https://vk.com/lubok_naiv; 1
https://vk.com/wall-9325174_14413; 1
https://vk.com/wall-9325174_14421; 1
https://vk.com/chan4; 1
https://vk.com/helisexual; 1
https://vk.com/bezdna_bku?w=wall-66750636_352387; 1
https://vk.com/dobriememes; 1
https://vk.com/dobriememes?w=wall-147286578_1595915; 1
https://vk.com/flatearthsociety; 1
https://vk.com/lurkopub; 1
https://vk.com/wall-89104813_1395; 1
https://vk.com/fanserialstv; 1
https://vk.com/hdrezka; 1
https://vk.com/wall-39692347_18259; 1
https://vk.com/firstandgoal.; 1
https://vk.com/sportmemes.; 1
https://vk.com/wall-178294909_641.; 1
https://vk.com/@comicspublisher-poryadok-priema-rabot-dlya-novyh-avtorov-esche-ne-rabotavshi; 1
https://vk.com/bubble; 1
https://vk.com/comfed; 1
https://vk.com/berrywaterfest2019; 1
https://vk.com/boomfest; 1
https://vk.com/comicartstmn; 1
https://vk.com/kommissia; 1
https://vk.com/microcomicon; 1
https://vk.com/brand; 1
https://vk.com/hmrussias; 1
https://vk.com/voguerussia; 1
https://vk.com/smm_pub; 1
https://vk.com/pepperninja; 1
https://vk.com/tgmsmm; 1
https://vk.com/hd_hse; 1
https://vk.com/the_voice_psy_hse; 1
