https://www.youtube.com/watch?v=Kv7m0w_F3EQ; 1
https://www.youtube.com/watch?v=qsGR-HeQXy0&t=1168s; 1
https://www.youtube.com/watch?v=vF1UGmi5m8s; 1
https://www.youtube.com/watch?v=BImbDtC-skM; 1
https://www.youtube.com/watch?v=p_vBavzd78I&t=953s; 1
https://www.youtube.com/watch?v=-TSD1cX2htQ&t=2203s; 1
https://www.youtube.com/watch?v=GzrZQndHaIY; 1
https://www.youtube.com/watch?v=8DOLeARjQ98; 1
https://www.youtube.com/watch?v=o0d4I-HgRYo; 1
https://www.youtube.com/watch?v=HoK-McVehXA; 1
https://www.youtube.com/channel/UCrVo0BXjIUlZ-YylYF8oNxg; 1
https://www.youtube.com/watch?v=PFeIjfA0ry0&feature=youtu.be&t=672; 1
https://www.youtube.com/watch?v=Siz70y4P3zA&feature=youtu.be&t=192/; 1
https://www.youtube.com/watch?v=yKMFsgH1rhM; 1
https://www.youtube.com/watch?v=4YYws-SefMQs; 1
https://www.youtube.com/watch?v=RLt65JxNsWI&t=1495s; 1
https://www.youtube.com/watch?v=e7V46M_y2lY&t=357s; 1
https://www.youtube.com/watch?v=aCOGmG7sGB8&t=1745s; 1
https://www.youtube.com/watch?v=C9jECCI7xnU&t=346s; 1
https://www.youtube.com/watch?v=ACRCu8mtHj8&t=1515s; 1
https://www.youtube.com/watch?v=RtaHMiQpAhA&t=5s; 1
https://youtu.be/OJQ_KnWe8ys; 1
https://www.youtube.com/watch?v=wJokJjd-Auw; 1
https://www.youtube.com/watch?v=nfA6QlN-lho; 1
https://www.youtube.com/watch?v=KLBZiftTfcM&t=3058s/; 1
