https://www.youtube.com/channel/UCrIrWQTCwwMrivId44I0lQA; 2
https://www.youtube.com/channel/UCbFbPbjKUNL3ZBQLE2_g7ug; 2
https://www.youtube.com/watch?v=f3owbMD9VbM; 2
https://www.youtube.com/watch?time_continue=18&v=JLzBuqYOBso&feature=emb_logo; 2
https://www.youtube.com/watch?v=EhYfzeTH7Ps; 1
https://www.youtube.com/intl/ru/about/press/; 1
https://www.youtube.com/channel/UCLirHA1XTIOBkam-LG29K7A/videos; 1
https://www.youtube.com/channel/UC6OTDVVAvYHPku3LbhLIeBA/featured; 1
https://www.youtube.com/channel/UCMCgOm8GZkHp8zJ6l7_hIuA; 1
https://www.youtube.com/LqefB4GOI-o; 1
https://www.youtube.com/user/psychodozerLive; 1
https://www.youtube.com/channel/UCDaIW2zPRWhzQ9Hj7a0QP1w; 1
https://www.youtube.com/playlist?list=PLX_ysH5jGc2HrrAfqw9jkE4dGMzxZqtJ8; 1
https://www.youtube.com/watch?v=RNqlHxg_rHo; 1
https://www.youtube.com/watch?v=zJdZcjd0HuY; 1
https://www.youtube.com/watch?v=nnJIRgnMbdk&t=5s; 1
https://www.youtube.com/watch?v=peudwBokW2A; 1
https://www.youtube.com/watch?v=fS71HdC1zvQ&list=PLjEfZMogs9p0K3vEg_g61iHeb0SduO6wz; 1
https://www.youtube.com/playlist?list=PLjEfZMogs9p3CMo0B8PMFxXbQthhn0N_x; 1
https://www.youtube.com/watch?v=otmeAaifX04; 1
https://www.youtube.com/user/blogorybalke; 1
https://www.youtube.com/watch?time_continue=13&v=3rcVFEgCaOM&feature=emb_logo; 1
