https://www.youtube.com/watch?v=yI_iI-0QFIE; 2
https://www.youtube.com/watch?v=GTRAEpllGZo; 2
https://www.youtube.com/watch?v=fumZg0TN3KA&t=2091s; 2
https://www.youtube.com/watch?v=-SosT7XNMSo; 1
https://www.youtube.com/watch?v=w2g_1NjH8kw; 1
https://www.youtube.com/watch?v=v_PStlG9XGI; 1
https://www.youtube.com/watch?v=aLVxCElh9tI; 1
https://www.youtube.com/watch?v=1JUlR5g5OcY&list=TLPQMTMwNDIwMjB2a8T0AbeWLg&index=1; 1
https://www.youtube.com/watch?v=1bFdSJ_RWz0; 1
https://www.youtube.com/watch?v=PhoK98OQx2U; 1
https://www.youtube.com/watch?v=0bGJe7yGKL8; 1
https://www.youtube.com/playlist?list=PLoQVUgEFJ28wo6DX9ChholgcBFK85miUq; 1
https://www.youtube.com/watch?v=TKLjCRiVhfs; 1
https://www.youtube.com/watch?v=4rghNDbzS3U; 1
http://www.youtube.com/watch?v=4MgAxMO1KD0&feature=relmfu; 1
https://www.youtube.com/watch?v=-GBnxfTkICs&t=5s; 1
https://www.youtube.com/watch?v=RrAwL3StEYs&t=47s; 1
https://www.youtube.com/watch?v=CE0qElZMDkQ; 1
https://www.youtube.com/watch?v=I1dEia6bc90; 1
https://www.youtube.com/watch?v=Z7_SEWmkDjE; 1
https://www.youtube.com/watch?v=1gPm-c1wRsQ; 1
https://www.youtube.com/watch?v=Nk3pahtpsVY; 1
https://youtu.be/kCpdVm2bWEI; 1
https://www.youtube.com/watch?v=TW7T9s1nYiU; 1
https://www.youtube.com/watch?v=04zaTjuV60A; 1
https://youtu.be/RFSAKC4errc; 1
https://www.youtube.com/watch?v=ax7f3JZJHSw; 1
https://www.youtube.com/watch?v=ZYM8AbiZeog&list=PLddc1RE37hPz9BgjOXbzTKqKK1lDktadx; 1
https://www.youtube.com/watch?v=tUAX0gnZ3Nw; 1
https://www.youtube.com/channel/UCwf6HPPrz-1tkIibGP4qu_g; 1
https://youtu.be/3HscDJBrXz8; 1
https://www.youtube.com/watch?v=jk-kjUQoEJQ; 1
https://www.youtube.com/premium; 1
https://www.youtube.com/watch?v=PbSNw4KYJP0&t=3223s; 1
https://www.youtube.com/watch?v=vz29L_tPsqY; 1
https://www.youtube.com/watch?v=fTDWZWOClJI; 1
https://www.youtube.com/watch?v=dEOav_yD378&t=270s; 1
https://www.youtube.com/watch?v=Bf9zvyPachs; 1
https://www.youtube.com/watch?v=QXijtvUOhX4&t=1s; 1
https://www.youtube.com/watch?v=admcvvTMRtU&t=1239s; 1
https://www.youtube.com/watch?v=OTVDu2rrG90&t=25s; 1
https://www.youtube.com/watch?v=wg-TMymYSwE&t=1s; 1
https://www.youtube.com/watch?v=wpfpey_0G5A&t=3s; 1
https://www.youtube.com/watch?v=S9y4R11gzPY&t=1273s; 1
https://www.youtube.com/watch?v=_IPXiNIXuFI; 1
https://www.youtube.com/watch?v=f0wv89CdksM; 1
https://www.youtube.com/watch?v=7JrIAY5G7jE; 1
https://www.youtube.com/watch?v=Bj7q5VAf8-w; 1
https://www.youtube.com/channel/UCMCgOm8GZkHp8zJ6l7_hIuA/about; 1
https://www.youtube.com/watch?v=oo1WouI38rQ&t=257s; 1
https://www.youtube.com/watch?v=c0Q9KG4I-pc; 1
https://www.youtube.com/watch?time_continue=105&v=EBYOiotcx3I; 1
https://www.youtube.com/watch?v=OqgbeZAUOLY; 1
https://www.youtube.com/watch?v=6AZJ7jvWQWw; 1
https://www.youtube.com/watch?v=mmid_NMUoFg&feature=youtu.be&t=47m59s; 1
https://www.youtube.com/watch?v=tFbnc_pbhoo; 1
https://www.youtube.com/watch?time_continue=1435&v=nTeYn6B39aU&feature=emb_logo; 1
https://www.youtube.com/watch?time_continue=240&v=5J9UVvzlkX4&feature=emb_logo; 1
https://www.youtube.com/watch?v=sDCSAECg9js; 1
https://www.youtube.com/watch?v=_eWj64WfgXw; 1
https://www.youtube.com/watch?v=zDu5qDFe1FE; 1
https://www.youtube.com/watch?v=inc-yVnRQu0; 1
https://www.youtube.com/watch?v=nouD_CEu5w4; 1
https://www.youtube.com/watch?v=jei9-Kfmd9w; 1
https://www.youtube.com/watch?v=uhGi2hfeUBg; 1
https://www.youtube.com/user/AlyonaVodonaeva/videos; 1
https://www.youtube.com/watch?v=KseHZtS6bQ8; 1
https://www.youtube.com/watch?v=im4SO9Nd7RE; 1
https://www.youtube.com/watch?v=Ypj988LBa7o; 1
https://www.youtube.com/watch?v=1_Q5k0bQWgQ&pbjreload=10; 1
https://youtu.be/Tdo55HzyCPM; 1
https://www.youtube.com/watch?v=w2y8weIeU48; 1
https://www.youtube.com/channel/UCHS2LM1n3f5cyL-ebgkqyLw; 1
https://www.youtube.com/watch?v=lt96bvKp9Ug; 1
https://www.youtube.com/watch?v=N9eK-p806DQ; 1
https://www.youtube.com/watch?v=iXZZ2gC-O0Y; 1
https://www.youtube.com/watch?v=QcUey-DVYjk&t=290s; 1
https://www.youtube.com/watch?v=Mv-9fOAPAiU; 1
https://www.youtube.com/channel/UCVbdR67RVvfS3vwOcyE-6ag/videos?view=0&sort=p&flow=grid; 1
https://www.youtube.com/watch?v=H0bVWh0L54Q; 1
https://youtu.be/LIqhcVakm6I; 1
https://www.youtube.com/watch?v=UmNuEgsTtvU; 1
https://www.youtube.com/watch?v=S0bn18wSbI8; 1
https://www.youtube.com/watch?v=rn2Y1r8uLZ4; 1
https://www.youtube.com/watch?v=Mk8ee2F9iAc; 1
https://www.youtube.com/watch?v=MPnWbj70TTY&t=1734s; 1
https://www.youtube.com/watch?v=X6p5AZp7r_Q&list=PLn4ob_5_ttEaA_vc8F3fjzE62esf9yP61; 1
https://www.youtube.com/watch?v=5lBsMFRGSOU; 1
https://www.youtube.com/watch?v=oLecnhNt1V4; 1
https://www.youtube.com/watch?v=Yk6swQ1pAkM; 1
https://www.youtube.com/watch?v=4PAVr4V1suY; 1
https://www.youtube.com/watch?v=uzmUmlxqytY&index=85; 1
https://www.youtube.com/watch?v=Kp1pUImNaz0&; 1
https://www.youtube.com/watch?v=wxYBhrsrnTs&; 1
https://www.youtube.com/watch?v=TIhrFfmKIic; 1
https://www.youtube.com/watch?v=T1RRfAmMO_U&; 1
https://www.youtube.com/watch?v=OVsXzh6OJNs&; 1
https://www.youtube.com/watch?v=4jPcogV29Hw; 1
https://www.youtube.com/watch?v=CRKEA6rswfY; 1
https://www.youtube.com/watch?v=kakFDUeoJKM; 1
https://www.youtube.com/watch?v=8j1qu1C2KVw; 1
https://www.youtube.com/watch?v=uld6WZclTrY&t=345s; 1
https://www.youtube.com/watch?v=jFrYmQZamig; 1
https://www.youtube.com/watch?v=au33UgMOtD0; 1
https://www.youtube.com/watch?v=dIWaVyDYBiQ; 1
https://www.youtube.com/watch?v=qm_6eQa-nZw; 1
https://youtu.be/L-XVLcJ0dL4; 1
https://www.youtube.com/watch?v=lbA_2RARi_s; 1
https://www.youtube.com/watch?v=IWz8BKyRxTg&t=3178s; 1
https://www.youtube.com/watch?v=9BAfdAuZrNc; 1
https://www.youtube.com/watch?v=BQ7XVBbV1lg&feature=emb_title; 1
https://www.youtube.com/watch?v=FosrUDR7k0g; 1
https://www.youtube.com/watch?v=q9WeOoNJGYg&feature=emb_logo; 1
https://www.youtube.com/watch?v=yaCcVs9GVo0; 1
https://www.youtube.com/watch?v=jOpow-18GOs&t=5487s; 1
https://www.youtube.com/watch?v=_MU73rsL9qE&feature=youtu.be; 1
https://www.youtube.com/watch?v=B_WH43BGdL0&feature=emb_err_watch_on_yt; 1
https://www.youtube.com/watch?v=4Vi2yDiq_TE; 1
https://www.youtube.com/watch?v=zYl_kSDX-d0; 1
https://www.youtube.com/watch?v=6ASD8gHrDeE; 1
https://www.youtube.com/watch?v=IWTvgZVWeB4; 1
https://www.youtube.com/watch?v=VIH121I1rys; 1
https://www.youtube.com/watch?v=zy39oprH02k; 1
https://www.youtube.com/static?template=terms; 1
https://www.youtube.com/watch?v=yRqvlANcLmE; 1
https://www.youtube.com/channel/UCVmdPGVpyOAt0gXJvmz4xNA/about; 1
https://www.youtube.com/user/wolrustv/videos; 1
https://www.youtube.com/user/spastv2012/about; 1
https://www.youtube.com/watch?v=DZvE5hBumYQ; 1
https://www.youtube.com/watch?v=pbio_nuhcaI; 1
https://www.youtube.com/watch?v=FAJr0Nb2tro&t=2156s; 1
https://www.youtube.com/watch?v=dm2ff6QJDik; 1
https://www.youtube.com/watch?v=OWHGfKtPWts&t=20s; 1
https://www.youtube.com/watch?v=gtTtpd98mCw; 1
https://www.youtube.com/watch?v=ThIUgPLaK9Q; 1
https://www.youtube.com/watch?v=kJQP7kiw5Fk; 1
https://www.youtube.com/watch?v=iCwuW3yClO4; 1
https://www.youtube.com/user/skyengschool; 1
https://www.youtube.com/channel/UCyJznKYS9kkP7RWWq3YAbFw/about; 1
https://www.youtube.com/user/russianpod101; 1
https://www.youtube.com/user/crashcourse; 1
https://youtu.be/Ro0zZFMZhCU; 1
https://www.youtube.com/watch?v=DLOaKR1t2iA; 1
https://www.youtube.com/watch?v=w7HppElE00M; 1
https://www.youtube.com/watch?v=Ps6aEdVhgQI&feature=youtu.be; 1
https://www.youtube.com/watch?v=mZp4_GPtxXM&t=413s; 1
https://www.youtube.com/watch?v=IqyNxXUB-tM&t=468s; 1
https://www.youtube.com/watch?v=zPZQY5dBMsQ; 1
https://www.youtube.com/watch?v=JTcvhJ8HuPs; 1
https://www.youtube.com/watch?v=Fv7ocifd3-o; 1
https://www.youtube.com/watch?v=2AMMb9CiScI; 1
https://www.youtube.com/watch?v=SaaJSy_FoTI; 1
https://www.youtube.com/watch?v=57zk3jwlCJA&feature=emb_logo; 1
https://www.youtube.com/channel/UCMCgOm8GZkHp8zJ6l7_hIuA; 1
https://www.youtube.com/channel/UCByhZ-JEe5OOZSuq0uaXOng; 1
https://www.youtube.com/channel/UCeKCxQDv6lWDSzuqUXGtMRA; 1
https://www.youtube.com/channel/UCMGzQb90vac13gS2YovWqgA; 1
https://www.youtube.com/channel/UCn9bv143ECsDMw-kJCNN7QA; 1
https://www.youtube.com/user/goshakartsev; 1
https://www.youtube.com/user/thevoguerussia; 1
https://www.youtube.com/user/hennesandmauritzss; 1
https://www.youtube.com/watch?v=_mPuEdTOP7U&t=945s; 1
https://www.youtube.com/watch?v=IMBvhLjcew0; 1
https://www.youtube.com/watch?v=g4aQHSeoV7Q; 1
https://www.youtube.com/watch?v=4ZTIfOfqIhg; 1
https://www.youtube.com/watch?v=7qQhBCyiZnM; 1
https://youtu.be/W1G-jOtbYlg; 1
